Subject ID,Group,Day,Start time,End time,Capacity,Teaching facility
IC0264,61,1,16,18,19,B1
IC0264,63,4,16,18,19,B1
ID0267,1,3,10,12,17,B1
OG0263,3,2,6,9,20,B1
OG0347,36,2,18,21,20,B1
ST0275,32,1,10,12,15,B1
GP0025,2,4,16,18,20,B1
GP0025,2,2,16,18,20,B1
IC0711,61,5,18,21,12,B1
BI0242,154,2,12,14,30,B1
CS0091,1,1,9,12,30,B1
CT0245,82,3,9,11,27,B1
DF0236,3,2,15,18,15,B1
DF0236,4,2,15,18,15,B1
ID0246,161,4,13,15,22,B1
IP0247,64,2,6,8,6,B1
IP0287,160,3,15,17,25,B1
ME0244,2,1,15,18,30,B1
NI0276,14,4,15,18,30,B1
OG0285,1,3,12,15,14,B1
OG0123,1,5,12,13.5,31,B1
OG0123,2,5,13.5,15,31,B1
OG0123,3,5,15,16.5,31,B1
OG0260,9,3,6,9,30,B1
BI0242,154,4,12,14,30,B1
FI0140,1,2,9,12,25,B1
HL0552,1,1,9,12,30,B1
HL0551,1,5,9,12,30,B1
IM0243,71,1,7,9,25,B1
IM0240,71,2,15,18,32,B1
IM0241,71,4,9,12,31,B1
IM0243,72,1,15,17,25,B1
IM0233,73,3,15,18,26,B1
ME0230,2,3,6,9,30,B1
OG0262,1,2,12,15,30,B1
OG0133,90,2,6,9,28,B1
ST0250,32,3,10,12,30,B1
IM0245,74,4,15,18,8,B1
IM0245,75,4,15,18,7,B1
IM0245,77,4,15,18,8,B1
IP0247,59,4,9,12,6,B1
IP0247,60,4,9,12,6,B1
IP0247,62,4,9,12,6,B1
IP0247,63,4,9,12,6,B1
IP0247,64,4,9,12,6,B1
OG0126,3,1,15,18,31,B1
OG0133,89,3,6,9,28,B1
PS0325,2,3,15,18,20,B1
ST0250,32,5,10,12,30,B1
CO0217,54,2,18,21,24,B1
DE0142,200,4,9,12,27,B1
FI0139,10,3,18,21,30,B1
FI0116,31,4,18,21,28,B1
HL0317,2,2,9,12,30,B1
ME0235,2,3,9,12,26,B1
ME0159,5,1,18,21,30,B1
CM0440,1,4,13.5,15,30,B7
CM0440,1,2,13.5,15,30,B7
CM0470,153,3,13.5,15,19,B7
DF0447,1,3,9,12,18,B7
DF0039,1,4,9,12,16,B7
DF0238,3,2,9,12,27,B7
GP0023,2,2,6,9,22,B7
ST0263,31,4,7.5,9,21,B7
BI0045,1,1,9,12,20,B7
CS0223,1,2,9,12,25,B7
DF0025,1,1,7.5,9,20,B7
DF0025,1,3,15,16.5,20,B7
IP0256,162,3,9,12,18,B7
PR0312,157,4,9,12,24,B7
PS0307,2,1,12,15,25,B7
ST0263,31,2,7.5,9,21,B7
CT0650,81,2,10,12,30,B7
NI0232,12,2,6,9,28,B7
NI0100,22,1,9,12,28,B7
NI0100,23,3,9,12,28,B7
OG0266,1,4,9,12,30,B7
PR0247,151,3,6,7.5,30,B7
PR0247,151,1,6,7.5,30,B7
IC0283,61,3,6,9,20,B7
ID0246,163,3,13,15,22,B7
IP0251,54,4,9,12,30,B7
NI0243,11,2,9,12,24,B7
PS0342,1,1,6,9,12,B7
ST0275,31,1,9,10,15,B7
CS0212,1,4,6,10,20,B7
CS0061,2,1,9,12,24,B7
DF0040,1,2,9,12,24,B7
IC0282,65,3,9,12,30,B7
OG0281,3,2,6,9,28,B7
CM0475,102,2,9,12,30,B7
CS0256,1,6,9,12,30,B7
CT0310,85,3,12,15,25,B7
DF0127,1,2,13.5,15,24,B7
DF0127,1,4,13.5,15,24,B7
FI0161,1,3,9,12,30,B7
OG0276,26,3,6,9,28,B7
CO0128,41,3,9,12,35,B7
GP0050,1,4,9,10.5,30,B7
GP0009,3,1,9,12,30,B7
MU0402,16,2,9,12,22,B7
CM0446,1,4,13,15,29,B7
CM0223,3,3,6,9,33,B7
CM0108,3,1,12,15,35,B7
CM0232,12,1,6,9,34,B7
CM0415,101,2,7.5,9,30,B7
CM0415,101,4,7.5,9,30,B7
DE0146,202,2,12,14,31,B7
EC0101,7,4,9,12,33,B7
IC0292,62,2,9,12,23,B7
ME0106,4,1,9,12,35,B7
NI0104,7,3,9,12,35,B7
BU0465,1,1,9,12,10,B12
BU0465,2,1,12,15,10,B12
BU0465,3,1,15,18,10,B12
BU0465,4,2,9,12,10,B12
BU0465,5,5,9,12,10,B12
BU0453,2,5,12,15,8,B12
BU0469,1,3,6,8,10,B12
BU0456,1,2,9,12,16,B12
BU0407,1,1,12,15,16,B12
BU0430,1,5,9,12,16,B12
BU0429,1,2,6,8,8,B12
BU0436,1,2,15,18,9,B12
BU0460,1,1,9,12,9,B12
BU0464,1,1,12,15,8,B12
BU0405,1,3,9,12,8,B12
BU0460,2,5,9,12,9,B12
BU0436,3,6,7,9,8,B12
BI0232,150,2,10,12,13,B13
BI0232,151,2,18,20,13,B13
BI0232,152,5,16,18,16,B13
BI0265,155,2,6,8,20,B13
BI0265,158,5,12,14,20,B13
BI0265,159,1,18,20,20,B13
BI0045,1,4,10,12,20,B13
BI0233,151,3,10,12,20,B13
BI0230,153,3,12,14,23,B13
BI0230,154,5,14,16,25,B13
BI0235,154,4,18,21,10,B13
IM0245,71,2,8,10,7,B13
IM0245,72,4,12,14,8,B13
IM0245,73,1,12,14,8,B13
IM0245,74,5,10,12,8,B13
IM0245,75,3,10,12,7,B13
IM0245,77,5,8,10,8,B13
PR0248,151,1,6,9,7,B13
PR0251,151,4,14,16,8,B13
PR0244,151,5,6,8,7,B13
PR0251,152,2,10,12,9,B13
PR0248,152,5,15,18,7,B13
PR0244,152,1,16,18,7,B13
PR0251,153,4,16,18,8,B13
PR0244,153,4,6,8,7,B13
PR0239,151,2,15,18,7,B13
PR0239,152,1,15,18,7,B13
DF0239,1,2,14,16,13,B13
DF0239,2,2,16,18,15,B13
DF0239,3,5,14,16,15,B13
DF0239,4,1,16,18,12,B13
DF0239,7,3,14,16,13,B13
DF0239,8,3,16,18,15,B13
DF0239,9,2,6,8,14,B13
DF0239,10,4,6,8,14,B13
DF0239,13,4,14,16,15,B13
DF0239,14,4,16,18,15,B13
DF0239,15,5,8,10,13,B13
DF0239,16,5,10,12,14,B13
DF0239,23,2,8,10,13,B13
DF0239,24,2,10,12,13,B13
DF0239,25,3,8,10,14,B13
DF0239,26,3,12,14,15,B13
DF0239,29,2,12,14,15,B13
DF0239,30,4,12,14,14,B13
BI0485,101,4,6,9,10,B13
BI0485,102,2,6,9,10,B13
ME0242,8,4,18,21,32,B13
OG0284,2,2,18,21,35,B13
CT0248,81,2,6,9,24,B14
CT0249,81,4,9,12,24,B14
CT0256,81,3,15,17,28,B14
CT0256,81,1,15,17,28,B14
CT0258,81,6,9,12,44,B14
CT0272,82,3,6,9,32,B14
CT0249,82,5,9,12,24,B14
CT0256,82,4,15,17,28,B14
CT0256,82,2,15,17,28,B14
CT0272,83,1,18,21,32,B14
CT0241,81,3,16,18,12,B14
CT0241,82,3,18,20,12,B14
CT0241,83,4,16,18,12,B14
CT0241,84,4,18,20,12,B14
CT0240,85,3,7,9,14,B14
CM0244,3,5,9,12,30,B14
CO0148,41,4,9,12,30,B14
CS0056,1,3,18,20,20,B14
CT0248,82,5,6,9,24,B14
DE0140,201,3,7,9,35,B14
EC0200,1,4,15,18,30,B14
IC0283,64,2,18,21,24,B14
ID0260,60,2,10,12,19,B14
IP0235,52,1,15,18,30,B14
ST0910,32,6,8,13,14,B14
ID0252,164,2,15,18,18,B14
ID0263,166,1,15,18,20,B14
ID0250,186,2,18,20,6,B14
ID0250,187,2,18,20,6,B14
ID0250,188,2,18,20,6,B14
CT0240,81,5,9,11,12,B15
CT0257,81,1,12,15,25,B15
CT0254,81,1,7,9,29,B15
CT0254,81,3,7,9,29,B15
CT0255,81,4,7,9,28,B15
CT0255,81,2,7,9,28,B15
CT0240,82,1,17,19,13,B15
CT0257,82,2,12,15,25,B15
CT0232,82,6,9,11,24,B15
CT0255,82,2,9,11,26,B15
CT0255,82,4,9,11,26,B15
CT0240,84,3,9,11,12,B15
CT0246,81,2,15,17,15,B15
CT0479,81,5,9,12,24,B15
CT0232,81,6,7,9,24,B15
CT0233,81,3,7,9,20,B15
CT0233,81,5,7,9,20,B15
CT0646,81,3,15,17,30,B15
CT0246,82,4,15,17,19,B15
CT0233,82,2,9,11,20,B15
CT0233,82,4,9,11,20,B15
CT0254,82,1,9,11,29,B15
CT0254,82,3,9,11,29,B15
CT0246,84,2,17,19,13,B15
CT0246,85,4,17,19,13,B15
ID0243,160,5,7,9,6,B16
ID0243,161,5,7,9,6,B16
ID0256,162,3,9,12,19,B16
ID0252,162,4,15,18,18,B16
ID0263,162,3,15,18,20,B16
ID0243,162,5,7,9,6,B16
ID0240,164,1,13,15,7,B16
ID0240,165,1,13,15,7,B16
ID0240,166,1,13,15,7,B16
ID0243,168,5,9,11,6,B16
ID0243,169,5,9,11,6,B16
ID0243,170,5,9,11,6,B16
ID0258,174,4,9,11,7,B16
ID0258,175,4,9,11,7,B16
ID0258,176,4,9,11,7,B16
ID0230,176,2,15,17,23,B16
ID0243,178,5,13,15,6,B16
ID0243,179,5,13,15,6,B16
ID0258,180,4,7,9,7,B16
ID0243,180,5,13,15,6,B16
ID0258,181,4,7,9,7,B16
ID0258,182,4,7,9,7,B16
ID0240,182,1,10,12,7,B16
ID0250,183,2,10,12,6,B16
ID0240,183,1,10,12,7,B16
ID0240,184,1,10,12,7,B16
ID0250,184,2,10,12,6,B16
ID0261,184,3,7,9,7,B16
ID0261,185,3,7,9,7,B16
ID0250,185,2,10,12,6,B16
ID0261,186,3,7,9,7,B16
ID0602,618,4,18,22,21,B16
ID0602,618,6,8,12,21,B16
ID0602,618,2,18,22,21,B16
ID0230,86,1,16,18,21,B16
ID0256,161,1,18,21,19,B16
ID0255,164,3,18,20,7,B16
ID0255,165,3,18,20,7,B16
ID0263,165,1,9,12,19,B16
ID0258,166,3,7,9,7,B16
ID0255,166,3,18,20,7,B16
ID0262,166,5,10,12,7,B16
ID0258,167,3,7,9,7,B16
ID0262,167,5,10,12,7,B16
ID0258,168,3,7,9,7,B16
ID0262,168,5,10,12,8,B16
ID0262,169,3,10,12,7,B16
ID0262,170,3,10,12,7,B16
ID0262,171,3,10,12,7,B16
ID0262,172,5,15,17,7,B16
ID0262,173,5,15,17,7,B16
ID0262,174,5,15,17,7,B16
ID0250,177,2,13,15,6,B16
ID0250,178,2,13,15,6,B16
ID0250,179,2,13,15,6,B16
ID0250,180,2,15,17,6,B16
ID0261,181,5,7,9,7,B16
ID0250,181,2,15,17,6,B16
ID0261,182,5,7,9,7,B16
ID0250,182,2,15,17,6,B16
ID0261,183,5,7,9,7,B16
ID0248,187,4,13,15,6,B16
ID0248,188,4,13,15,6,B16
ID0248,189,4,13,15,6,B16
ID0248,190,4,10,12,6,B16
ID0248,191,4,10,12,6,B16
ID0248,192,4,10,12,6,B16
ID0248,193,2,10,12,6,B16
ID0248,194,2,10,12,6,B16
ID0248,195,2,10,12,6,B16
ID0602,718,6,8,12,21,B16
ID0602,718,2,18,22,21,B16
ID0602,718,4,18,22,21,B16
IC0261,149,4,15,18,20,B16
ID0241,165,2,15,18,20,B16
ID0241,169,5,12,15,18,B16
ID0241,170,3,12,15,18,B16
IM0230,79,1,9,12,20,B16
IM0230,84,2,9,12,20,B16
IM0230,85,3,9,12,20,B16
ID0241,164,1,15,18,20,B16
ID0244,164,2,9,12,20,B16
ID0244,165,4,9,12,20,B16
ID0244,166,3,15,18,20,B16
IC0261,148,3,6,9,20,B16
IM0231,74,3,16,18,24,B16
CO0135,56,3,6,9,32,B16
CS0040,3,2,6,9,20,B16
DE0084,13,2,18,21,34,B16
DE0129,209,5,12,15,28,B16
EC0102,14,4,12,15,32,B16
FI0131,25,2,12,15,34,B16
GP0060,1,4,6,9,30,B16
GP0039,18,1,6,9,35,B16
HL0555,14,3,9,12,35,B16
ID0242,163,5,15,17,22,B16
ME0156,1,3,18,21,35,B16
ME0231,4,2,15,18,35,B16
NI0247,22,4,18,21,35,B16
OG0260,7,4,9,12,32,B16
OG0122,10,1,10,11.5,35,B16
OG0135,24,5,6,9,35,B16
PR0249,151,3,15,18,25,B16
ST0910,32,5,18,21,14,B16
BU0227,3,2,6,7.5,41,B16
CM0108,1,2,9,12,35,B16
DE0119,7,4,6,9,36,B16
DE0013,202,3,9,12,27,B16
DE0085,205,3,12,15,32,B16
FI0239,1,1,15,18,20,B16
FI0224,23,1,9,12,20,B16
HL0235,153,5,16,18,30,B16
IC0293,61,1,18,21,32,B16
IC0293,62,4,18,21,32,B16
IC0293,63,5,18,21,32,B16
ID0231,162,4,15,18,25,B16
ME0058,3,2,18,21,35,B16
ME0104,7,3,6,9,35,B16
NI0280,11,4,9,12,35,B16
OG0280,2,3,18,21,28,B16
OG0276,60,4,12,15,35,B16
OG0591,63,2,15,18,35,B16
PR0312,163,3,15,18,24,B16
ST0253,31,2,7.5,9,20,B16
BU0220,27,2,10.5,12,31,B16
CM0231,1,4,18,21,35,B16
CM0244,1,1,9,12,32,B16
DE0119,9,2,18,21,35,B16
EC0243,9,2,15,18,34,B16
EC0243,10,4,9,12,34,B16
EC0101,13,1,15,18,33,B16
GP0039,11,3,18,21,35,B16
IC0273,60,6,9,12,32,B16
IC0281,62,4,15,18,27,B16
IC0277,63,6,6,9,26,B16
IC0277,64,3,6,9,27,B16
IC0273,65,5,6,9,32,B16
IM0244,71,1,18,20,30,B16
NI0275,16,3,9,12,31,B16
OG0135,14,2,6,9,35,B16
PR0312,155,3,15,18,24,B16
PS0336,1,5,9,12,35,B16
PS0303,2,5,15,18,25,B16
BU0227,3,4,6,7.5,41,B17
CM0233,1,2,13,15,25,B17
CM0036,1,5,6,9,35,B17
CM0329,2,1,15,18,25,B17
CM0245,4,3,15,18,29,B17
CS0095,2,2,6,9,26,B17
DE0131,204,1,9,11,35,B17
EC0246,1,4,9,10.5,24,B17
EC0222,3,4,10.5,12,36,B17
EC0243,11,4,15,18,34,B17
EC0103,11,4,18,21,35,B17
IM0244,72,3,18,20,30,B17
NI0100,12,2,18,21,31,B17
OG0280,1,3,6,9,28,B17
OG0350,1,5,9,12,30,B17
OG0279,1,2,9,12,30,B17
OG0125,4,1,18,21,35,B17
ST0241,65,3,9,12,24,B17
CO0135,10,4,15,18,31,B17
CO0184,41,3,6,9,35,B17
DE0137,202,1,15,18,35,B17
DF0236,19,3,9,12,16,B17
DF0236,20,3,9,12,15,B17
EC0246,1,2,9,10.5,24,B17
EC0222,3,2,10.5,12,36,B17
EC0103,4,4,9,12,35,B17
FI0139,2,4,7.5,9,30,B17
FI0139,2,2,7.5,9,30,B17
FI0139,11,5,6,9,30,B17
FI0131,29,3,15,18,34,B17
HL0591,13,5,15,18,36,B17
IM0241,72,5,9,12,35,B17
ME0244,1,1,6,9,30,B17
ME0237,3,3,18,21,35,B17
ME0171,5,2,18,21,35,B17
NI0276,16,2,15,18,30,B17
OG0284,1,4,18,21,35,B17
OG0124,6,1,9,12,35,B17
OG0133,85,5,18,21,28,B17
CM0212,9,3,15,18,36,B17
CO0133,6,3,9,12,32,B17
DE0084,19,1,18,21,34,B17
DE0152,202,4,18,21,24,B17
DF0236,9,2,9,12,16,B17
DF0236,10,2,9,12,16,B17
DF0239,25,2,15,18,14,B17
DF0239,26,2,15,18,15,B17
GP0078,1,4,15,18,30,B17
GP0039,17,2,18,21,35,B17
HL0595,1,2,12,15,30,B17
HL0555,5,3,12,15,35,B17
ME0253,2,2,6,9,35,B17
ME0145,3,1,15,18,35,B17
ME0215,4,5,15,18,35,B17
NI0104,12,4,12,15,34,B17
OG0260,1,4,6,9,32,B17
OG0280,3,3,18,21,28,B17
OG0260,5,3,6,9,32,B17
OG0125,5,4,9,12,35,B17
PS0308,2,5,9,12,21,B17
ST0250,31,1,10,12,33,B17
CM0212,15,3,12,15,36,B17
DE0119,10,4,18,21,36,B17
DE0129,21,3,15,18,28,B17
FI0131,24,1,15,18,34,B17
GP0055,1,5,15,18,30,B17
GP0062,1,2,6,9,35,B17
HL0555,12,5,9,12,35,B17
HL0591,29,4,12,15,30,B17
IC0281,64,5,6,9,28,B17
IC0266,73,1,12,15,8,B17
IC0266,74,1,12,15,9,B17
IM0234,73,2,18,21,28,B17
ME0234,2,2,9,12,27,B17
ME0248,2,4,6,9,35,B17
NI0287,1,4,9,12,28,B17
NI0232,11,2,15,18,31,B17
NI0224,20,3,9,12,30,B17
OG0283,1,1,9,12,32,B17
PR0238,152,3,6,9,30,B17
ST0260,31,3,18,19,24,B17
CM0232,9,4,18,21,34,B17
CO0133,4,1,6,9,32,B17
CS0094,2,4,16,18,21,B17
DE0120,5,2,12,15,33,B17
DE0120,7,2,15,18,34,B17
DE0084,24,3,15,18,35,B17
DF0460,153,2,7.5,9,12,B17
DF0460,154,2,7.5,9,13,B17
EC0103,6,1,18,21,35,B17
EC0235,7,4,12,15,33,B17
HL0555,17,1,15,18,35,B17
IM0235,74,1,9,12,8,B17
IM0235,75,1,9,12,8,B17
IM0235,77,1,9,12,8,B17
NI0255,2,2,9,12,35,B17
NI0278,14,3,9,12,35,B17
NI0275,15,3,18,21,31,B17
OG0122,6,4,9,12,35,B17
OG0135,28,2,18,21,35,B17
BI0464,153,4,13.5,15,30,B17
CM0234,2,5,6,9,33,B17
CM0212,14,4,6,9,36,B17
CO0133,11,5,18,21,32,B17
CO0333,31,2,9,12,35,B17
CO0135,52,2,6,9,31,B17
CT0245,81,1,15,17,23,B17
DE0071,1,1,18,20,22,B17
DE0226,1,2,18,21,35,B17
DE0148,202,4,18,19.5,30,B17
DE0147,207,1,9,11,30,B17
EC0235,1,3,7.5,9,35,B17
EC0235,1,1,7.5,9,35,B17
EC0101,5,5,15,18,34,B17
FI0231,1,3,12,15,30,B17
GP0039,20,3,18,21,36,B17
HL0555,1,2,15,18,35,B17
NI0223,16,3,15,18,30,B17
OG0131,10,3,9,12,25,B17
OG0276,59,4,9,12,35,B17
BU0220,27,4,10.5,12,31,B17
CM0231,2,2,15,18,35,B17
CM0110,2,4,18,21,35,B17
DE0119,8,3,12,15,36,B17
DE0084,17,1,12,15,34,B17
DE0085,208,1,9,12,32,B17
EC0102,12,4,13.5,15,32,B17
EC0102,12,2,13.5,15,32,B17
HL0591,4,1,15,18,35,B17
ME0238,2,4,15,18,35,B17
NI0285,11,5,6,9,35,B17
NI0285,14,4,6,9,35,B17
OG0122,9,3,9,12,35,B17
OG0126,11,1,6,9,31,B17
OG0111,11,2,9,12,28,B17
OG0591,65,2,6,9,35,B17
ST0260,39,3,17,18,24,B17
ST0241,61,5,15,18,26,B17
ST0241,62,2,18,21,24,B17
CM0223,2,5,12,15,20,B17
CM0244,2,1,15,18,32,B17
CM0212,3,2,9,12,37,B17
CM0218,5,5,9,12,34,B17
CM0234,7,3,15,18,30,B17
CM0211,8,2,18,21,36,B17
CO0150,41,4,18,21,30,B17
CT0310,82,2,15,18,30,B17
DF0239,3,4,15,18,15,B17
DF0239,4,4,15,18,12,B17
DF0236,5,4,9,12,16,B17
DF0236,6,4,9,12,16,B17
EC0243,4,2,12,15,34,B17
EC0103,5,1,12,15,35,B17
GP0039,2,4,6,9,35,B17
GP0039,9,4,12,15,35,B17
IC0268,64,5,18,21,27,B17
NI0287,4,5,15,18,28,B17
OG0260,8,2,6,9,32,B17
OG0111,10,3,18,21,30,B17
OG0126,10,1,18,21,31,B17
OG0276,21,3,9,12,35,B17
OG0135,23,5,6,9,35,B17
OG0276,24,3,6,9,35,B17
ST0241,64,1,9,12,25,B17
CM0080,1,3,9,12,30,B18
CM0050,1,4,7.5,9,30,B18
CM0075,1,3,15,18,30,B18
CM0085,1,5,9,12,30,B18
CM0079,101,4,9,12,30,B18
FI0240,41,1,12,13.5,25,B18
IM0260,161,5,18,21,22,B18
OG0347,40,1,6,9,25,B18
PS0301,1,2,6,9,25,B18
CS0070,1,3,10,12,25,B18
CS0045,8,5,12,15,25,B18
FI0242,1,5,9,12,24,B18
FI0140,5,1,12,15,25,B18
FI0159,13,4,12,15,22,B18
IC0269,69,5,6,9,19,B18
ID0251,52,2,16.5,18,20,B18
IM0260,164,5,15,18,23,B18
IP0242,52,4,9,12,6,B18
IP0242,53,4,9,12,6,B18
IP0242,54,4,9,12,6,B18
IP0282,55,1,15,18,21,B18
IP0242,61,4,9,12,7,B18
IP0249,62,2,9,12,5,B18
IP0249,64,2,9,12,6,B18
IP0249,65,2,9,12,6,B18
IP0249,66,2,9,12,6,B18
ME0249,2,3,12,15,24,B18
OG0263,1,3,18,21,28,B18
OG0263,4,1,9,12,27,B18
OG0347,48,1,18,21,25,B18
OG0347,49,1,6,9,25,B18
ST0271,1,2,12,15,20,B18
ST0244,34,2,6,7.5,17,B18
ST0244,34,4,6,7.5,17,B18
ID0623,192,2,6,9,30,B18
FI0167,1,4,15,16.5,15,B18
FI0167,1,2,15,16.5,15,B18
ST0254,32,2,12,13.5,16,B18
ST0245,34,2,9,12,20,B18
CM0470,153,1,13.5,15,19,B18
CS0211,1,1,6,10,22,B18
CS0235,4,3,10,12,19,B18
CS0235,4,1,10,12,19,B18
FI0216,1,4,9,12,16,B18
IC0262,63,2,6,9,16,B18
IC0291,66,3,12,15,19,B18
IP0243,52,3,15,18,15,B18
ST0244,31,4,7.5,9,17,B18
CS0067,13,6,9,12,19,B18
FI0163,1,1,12,15,19,B18
FI0216,2,1,6,9,16,B18
FI0155,21,4,9,12,19,B18
FI0155,22,3,9,12,20,B18
FI0156,22,2,9,12,19,B18
FI0156,23,4,15,18,19,B18
FI0158,26,2,15,18,19,B18
IC0262,61,4,18,21,16,B18
IC0264,62,3,16,18,19,B18
IC0269,63,3,6,9,19,B18
IC0269,67,3,18,21,19,B18
IC0262,67,2,18,21,16,B18
IC0269,70,5,6,9,19,B18
IP0280,53,1,9,12,19,B18
ST0254,32,4,12,13.5,16,B18
ST0242,33,2,12,15,18,B18
ST0242,36,3,12,13.5,18,B18
CS0237,3,6,9,12,21,B18
FI0156,21,2,15,18,20,B18
FI0035,23,2,12,15,16,B18
IC0262,62,3,6,9,16,B18
IC0269,64,5,9,12,19,B18
ID0267,162,1,7,9,17,B18
ID0267,170,1,13,15,17,B18
IM0238,73,1,9,10.5,17,B18
IM0238,73,1,10.5,12,17,B18
IP0281,71,3,9,12,21,B18
IP0281,72,2,9,12,21,B18
IP0281,73,2,18,21,21,B18
ME0243,1,2,6,9,20,B18
ST0286,1,3,15,18,20,B18
ST0246,31,4,7.5,9,20,B18
ST0244,35,5,18,19.5,17,B18
ST0242,36,5,12,13.5,18,B18
ST0240,52,4,18,21,21,B18
ST0240,53,4,9,12,20,B18
CS0070,1,5,10,12,25,B18
CS0025,3,4,12,14,22,B18
CS0025,3,2,12,14,22,B18
CT0241,83,2,6,8,12,B18
CT0241,84,2,6,8,12,B18
FI0035,21,3,12,13.5,16,B18
FI0157,21,1,15,18,19,B18
FI0155,24,3,9,12,20,B18
IC0291,64,1,12,15,19,B18
IP0282,54,3,15,18,21,B18
ME0243,2,5,12,15,22,B18
OG0263,5,4,9,12,28,B18
OG0261,6,1,6,9,25,B18
OG0261,10,2,9,12,25,B18
ST0244,32,3,6,7.5,17,B18
ST0244,32,5,6,7.5,17,B18
IC0633,15,6,8,11,30,B18
BI0493,1,1,16,18,14,B18
FI0116,24,1,6,7.5,20,B18
FI0116,24,3,6,7.5,20,B18
BI0497,1,1,13,15,15,B18
EC0307,1,1,9,10.5,15,B18
HL0315,3,4,9,12,15,B18
PR0614,4,4,18,21,30,B18
FI0216,3,5,9,12,16,B18
FI0155,23,2,9,12,20,B18
IC0291,65,3,15,18,19,B18
IC0269,68,3,6,9,19,B18
ID0267,171,1,6,8,17,B18
IM0238,74,3,13.5,15,17,B18
IM0238,74,1,13.5,15,17,B18
ST0286,2,4,12,15,20,B18
ST0244,31,2,7.5,9,17,B18
ST0255,31,1,9,12,22,B18
ST0255,32,3,9,12,20,B18
ST0246,33,2,6,7.5,20,B18
ST0254,33,1,12,13.5,20,B18
ST0254,33,3,12,13.5,20,B18
ST0247,33,4,16.5,18,19,B18
ST0247,33,2,16.5,18,19,B18
ST0240,56,3,18,21,20,B18
CS0235,1,4,13,15,20,B18
CS0235,1,2,13,15,20,B18
CS0232,3,4,18,20,20,B18
EC0251,3,2,15,16.5,20,B18
EC0251,4,3,16.5,18,20,B18
EC0250,22,3,7.5,9,20,B18
EC0250,25,2,16.5,18,20,B18
EC0250,26,3,15,16.5,20,B18
FI0159,10,5,15,18,20,B18
FI0035,22,1,15,18,16,B18
IC0262,64,1,18,21,16,B18
IC0269,66,4,9,12,19,B18
IP0243,51,3,9,12,15,B18
OG0261,5,2,6,9,20,B18
OG0263,6,2,9,12,20,B18
ST0254,31,1,6,9,20,B18
ST0275,31,1,10,12,15,B18
ST0255,33,5,12,15,20,B18
ST0244,35,3,18,19.5,17,B18
ST0242,35,3,12,15,18,B18
CS0239,4,5,15,18,20,B18
CS0067,11,5,12,15,20,B18
CT0241,81,1,6,8,12,B18
CT0241,82,1,6,8,12,B18
FI0140,7,4,12,15,25,B18
FI0159,12,4,7.5,9,25,B18
FI0159,12,2,7.5,9,25,B18
FI0035,21,1,12,13.5,16,B18
IC0291,61,3,12,15,19,B18
IC0291,62,1,9,12,19,B18
ME0249,1,3,18,21,24,B18
OG0261,1,1,18,21,25,B18
OG0263,2,3,9,12,27,B18
OG0347,53,5,9,12,25,B18
ST0247,31,2,15,16.5,19,B18
ST0247,31,4,15,16.5,19,B18
ST0253,31,2,6,7.5,20,B18
ST0245,32,2,9,10.5,22,B18
ST0245,32,2,10.5,12,22,B18
ST0253,33,2,12,15,20,B18
ST0245,33,4,9,12,22,B18
DF0236,1,3,6,8,14,B19
DF0236,2,5,6,8,14,B19
DF0236,3,5,8,10,15,B19
DF0236,4,5,10,12,15,B19
DF0236,5,2,8,10,16,B19
DF0236,6,2,10,12,16,B19
DF0236,9,4,8,10,16,B19
DF0236,10,4,10,12,16,B19
DF0236,17,3,8,10,15,B19
DF0236,18,3,10,12,14,B19
DF0236,19,4,14,16,16,B19
DF0236,20,4,16,18,15,B19
DF0236,238,5,14,16,16,B19
DF0236,239,5,16,18,16,B19
DF0236,240,3,14,16,16,B19
DF0236,241,3,16,18,16,B19
DF0236,244,4,6,8,15,B19
DF0236,245,4,12,14,15,B19
DF0236,246,1,18,20,15,B19
DF0236,247,1,16,18,13,B19
DF0236,248,2,6,8,16,B19
DF0127,1,1,10,12,24,B19
DF0049,1,3,10,12,24,B19
DF0040,1,4,7,9,24,B19
DF0018,1,5,10,12,24,B19
DF0123,1,4,10,12,18,B19
DF0038,1,3,8,10,18,B19
IC0266,61,1,12,14,9,B19
IC0271,61,3,8,10,10,B19
IC0266,62,2,14,16,9,B19
IC0271,62,3,10,12,10,B19
IC0271,63,3,6,8,10,B19
IC0266,64,4,12,14,9,B19
IC0266,65,1,6,8,9,B19
IC0266,66,5,14,16,9,B19
IC0266,67,6,6,8,9,B19
IC0271,67,2,18,20,10,B19
IC0266,68,5,10,12,9,B19
IC0271,68,2,16,18,10,B19
IC0266,69,1,10,12,9,B19
IC0271,69,2,12,14,10,B19
IC0266,72,4,10,12,9,B19
IC0266,73,6,8,10,8,B19
IC0266,74,4,18,20,9,B19
IM0235,71,3,18,20,9,B19
IM0235,72,1,16,18,8,B19
IM0235,73,1,8,10,8,B19
IM0235,74,5,12,14,8,B19
IM0235,75,1,14,16,8,B19
IM0235,77,2,8,10,8,B19
IP0284,54,4,6,7.5,6,B19
IP0284,55,2,6,7.5,5,B19
IP0284,58,5,8,9.5,6,B19
PR0240,151,2,10,12,10,B19
IC0288,13,2,10,12,16,B19
IC0280,60,3,16,18,5,B19
IC0279,60,2,8,10,12,B19
IC0280,61,2,14,16,8,B19
IC0290,62,3,10,12,16,B19
IC0280,62,2,6,8,8,B19
IC0290,63,4,10,12,16,B19
IC0280,63,5,6,8,8,B19
IC0280,64,2,16,18,8,B19
IC0279,64,5,15,17,12,B19
IC0288,64,1,18,20,16,B19
IC0290,65,5,10,12,16,B19
IC0280,65,3,18,20,7,B19
IC0288,65,1,16,18,16,B19
IC0288,66,4,8,10,16,B19
IC0280,67,3,14,16,8,B19
IC0288,68,4,14,16,16,B19
IC0288,69,4,16,18,16,B19
IP0249,62,1,14,16,5,B19
IP0249,64,1,12,14,6,B19
IP0249,65,5,10,12,6,B19
IP0249,66,1,16,18,6,B19
IP0242,52,1,14,16,6,B19
IP0242,53,1,12,14,6,B19
IP0242,54,2,12,14,6,B19
IP0247,59,3,8,10,6,B19
IP0247,60,3,10,12,6,B19
IP0242,61,1,16,18,7,B19
IP0247,62,3,14,16,6,B19
IP0248,51,2,16,18,6,B19
IP0248,52,2,8,10,6,B19
IP0248,53,4,12,14,6,B19
IP0248,55,4,16,18,6,B19
IP0250,55,5,16,18,12,B19
ST0249,32,5,6,8,20,B19
ST0248,32,2,10,12,18,B19
ST0272,32,4,10,12,20,B19
ST0248,33,3,10,12,18,B19
ST0249,35,4,15,17,20,B19
ST0249,36,2,8,10,20,B19
ST0272,36,1,15,17,20,B19
ID0615,192,2,18,20,21,B19
ID0618,192,3,18,20,20,B19
ID0616,192,4,18,20,22,B19
ID0617,192,1,18,20,20,B19
ID0615,194,6,9,11,20,B19
IP0250,51,4,6,8,12,B19
IP0250,52,5,6,8,12,B19
IP0250,53,1,19,21,12,B19
IP0250,54,2,6,8,12,B19
IP0250,56,5,18,20,12,B19
IP0241,1,2,19,21,11,B19
IP0241,2,2,6,8,11,B19
IP0241,3,4,19,21,11,B19
IP0241,6,1,6,8,12,B19
IP0241,7,3,6,8,11,B19
IP0230,51,1,9,10,10,B19
IP0244,53,1,12,14,5,B19
IP0244,54,2,12,14,5,B19
IP0244,55,5,10,12,5,B19
IP0244,56,1,14,16,5,B19
IP0240,70,3,16,18,6,B19
IP0240,71,3,8,10,6,B19
IP0240,72,1,16,18,6,B19
IP0240,73,5,8,10,6,B19
IP0240,76,4,8,10,6,B19
IC0274,60,3,8,10,11,B19
IC0274,61,5,18,20,11,B19
IC0265,61,4,6,8,9,B19
IC0270,61,5,10,12,9,B19
IC0274,62,1,16,18,11,B19
IC0265,62,2,6,8,9,B19
IC0270,62,4,12,14,9,B19
IC0270,63,5,12,14,9,B19
IC0274,63,4,16,18,11,B19
IC0265,63,5,6,8,9,B19
IC0265,64,2,18,20,9,B19
IC0274,64,3,6,8,11,B19
IC0270,64,2,12,14,9,B19
IC0274,65,1,12,14,11,B19
IC0265,65,3,18,20,9,B19
IC0265,66,5,14,16,9,B19
IC0270,66,3,10,12,9,B19
IC0274,66,3,14,16,11,B19
IC0265,67,2,14,16,9,B19
IC0274,67,1,14,16,11,B19
IC0270,67,1,18,20,9,B19
IC0274,68,2,8,10,10,B19
IC0270,68,3,16,18,9,B19
IC0270,69,4,18,20,9,B19
IC0274,69,2,10,12,10,B19
IC0270,70,3,12,14,9,B19
IC0270,71,4,14,16,9,B19
IC0270,72,1,8,10,9,B19
IC0265,72,1,10,12,9,B19
IC0265,73,1,6,8,9,B19
IC0265,74,2,16,18,9,B19
IC0265,75,5,8,10,9,B19
IC0265,80,6,14,16,9,B19
CM0230,1,4,6,7.5,22,B19
CM0230,1,2,6,7.5,22,B19
CM0230,2,2,6,7.5,21,B19
CM0230,2,4,6,7.5,21,B19
CM0230,3,4,6,7.5,21,B19
CM0230,3,2,6,7.5,21,B19
CM0230,4,2,6,7.5,21,B19
CM0230,4,4,6,7.5,21,B19
CM0230,8,2,13.5,15,22,B19
CM0230,8,4,13.5,15,22,B19
CM0230,9,4,13.5,15,21,B19
CM0230,9,2,13.5,15,21,B19
CM0230,10,2,13.5,15,21,B19
CM0230,10,4,13.5,15,21,B19
CM0230,11,2,13.5,15,21,B19
CM0230,11,4,13.5,15,21,B19
CT0246,81,2,10,12,15,B19
CT0246,82,2,10,12,19,B19
CT0246,84,2,10,12,13,B19
CT0246,85,2,10,12,13,B19
IC0285,62,1,12,13,50,B19
IC0285,62,1,13,14,50,B19
IC0285,62,1,14,15,50,B19
ME0242,5,1,9,12,35,B19
ME0242,6,1,9,12,35,B19
NI0221,1,1,15,16.5,55,B19
NI0221,1,1,16.5,18,55,B19
NI0259,2,2,16.5,18,48,B19
NI0259,3,2,15,16.5,48,B19
OG0127,2,3,6,7.5,35,B19
OG0127,3,3,6,7.5,35,B19
OG0127,4,3,7.5,9,35,B19
OG0127,6,3,7.5,9,35,B19
CM0230,20,3,9,10.5,21,B19
CM0230,20,5,9,10.5,21,B19
CM0230,22,5,9,10.5,22,B19
CM0230,22,3,9,10.5,22,B19
CM0230,23,3,9,10.5,22,B19
CM0230,23,5,9,10.5,22,B19
CM0230,24,5,9,10.5,22,B19
CM0230,24,3,9,10.5,22,B19
IC0285,63,1,14,15,50,B19
IC0285,63,1,12,13,50,B19
IC0285,63,1,13,14,50,B19
NI0259,2,2,15,16.5,48,B19
NI0221,2,1,16.5,18,55,B19
NI0221,2,1,15,16.5,55,B19
NI0259,3,2,16.5,18,48,B19
OG0127,1,3,6,7.5,35,B19
OG0127,5,3,7.5,9,35,B19
CT0245,81,1,9,11,23,B19
CT0247,81,1,7,9,28,B19
CT0245,82,1,9,11,27,B19
CT0247,82,1,7,9,28,B19
OG1219,9,5,14,19,30,B19
DF0735,1,3,9,11,6,B19
DF0821,1,3,16,18,30,B19
IP0683,52,2,14,18,14,B19
PR0612,145,1,18,21,30,B19
FI0720,7,5,18,21,30,B19
FI0720,7,6,7,12,30,B19
ST0731,31,4,6,8,31,B19
ST0731,31,2,6,8,31,B19
ST0790,31,1,6,8,32,B19
ST0790,31,3,6,8,32,B19
FI0893,131,6,7,11,30,B19
EI0813,1,3,16,18,30,B19
FI0815,122,3,18,22,30,B19
FI0815,122,1,18,22,30,B19
FI0909,123,6,8,12,30,B19
FI0909,123,5,17,21,30,B19
OG1122,79,4,18,22,30,B19
OG1122,79,2,18,22,30,B19
ST0738,21,2,6,8,30,B19
ST0738,21,4,6,8,30,B19
FI0893,131,5,18,22,30,B19
FI0895,125,1,18,22,30,B19
FI0895,125,3,18,22,30,B19
IC0681,1,1,6,9,30,B19
OG1137,214,4,18,22,30,B19
OG1137,214,2,18,22,30,B19
IC0611,2,4,6,9,30,B19
IC0606,3,5,6,9,30,B19
IC0607,4,2,6,9,30,B19
FI0893,129,6,7,12,36,B19
FI0893,129,5,18,21,36,B19
FI0835,29,4,18,22,30,B19
IP0671,51,3,6,8,30,B19
IP0671,51,5,6,8,30,B19
IP0683,52,1,17,21,14,B19
OG1127,1,4,18,22,30,B19
OG1127,1,2,18,22,30,B19
ID0253,166,4,14,15,16,B21
ID0253,167,4,16,17,16,B21
ID0253,168,5,14,15,15,B21
ID0253,169,4,19,20,16,B21
ID0253,170,6,9,10,16,B21
CM0212,5,3,18,21,37,B23
CM0211,7,4,9,12,36,B23
DE0221,1,1,18,21,30,B23
EC0266,1,1,10,12,27,B23
GP0039,22,2,15,18,35,B23
ME0171,11,2,6,9,36,B23
NI0100,10,2,9,12,31,B23
OG0591,66,1,15,18,36,B23
ST0261,32,2,18,21,25,B23
CM0234,10,1,15,18,33,B23
DE0126,203,1,18,21,35,B23
FI0116,30,2,18,21,28,B23
IP0241,6,2,15,18,12,B23
IP0241,7,2,15,18,11,B23
ME0247,2,4,18,21,35,B23
ME0236,3,3,9,12,35,B23
NI0253,2,4,9,12,24,B23
NI0247,20,1,9,12,36,B23
PS0332,1,2,9,12,30,B23
BI0467,153,2,18,19.5,8,B23
BI0467,154,4,18,19.5,8,B23
BI0467,154,2,18,19.5,8,B23
CT0310,81,1,15,18,30,B23
HL0358,1,2,9,12,35,B23
IP0258,53,4,9,12,15,B23
OG0264,2,1,9,12,32,B23
OG0283,2,3,18,21,32,B23
OG0264,4,3,9,12,32,B23
OG0111,12,1,18,21,32,B23
PT0113,37,5,15,16.5,22,B23
PT0113,38,5,16.5,18,22,B23
PT0113,39,5,18,19.5,21,B23
CO0135,14,2,9,12,31,B23
DE0084,21,1,15,18,34,B23
DE0014,204,3,15,18,30,B23
EC0319,1,4,18,21,30,B23
FI0131,28,2,18,21,33,B23
GP0077,1,1,18,21,30,B23
NI0278,12,3,18,21,35,B23
OG0126,6,1,9,12,31,B23
OG0124,9,2,6,9,35,B23
OG0137,33,3,9,12,32,B23
PS0309,2,4,9,12,35,B23
DE0146,200,2,10,12,31,B26
DE0014,203,2,18,21,30,B26
DE0145,203,2,7.5,9,27,B26
IC0271,61,4,15,18,10,B26
IC0271,62,4,15,18,10,B26
IC0271,63,4,15,18,10,B26
OG0352,1,3,18,21,30,B26
PS0328,1,1,9,12,30,B26
PS0311,1,3,15,18,22,B26
PS0306,1,1,15,18,25,B26
PS0319,2,3,6,9,35,B26
PS0318,2,4,9,12,30,B26
PS0306,2,4,6,9,25,B26
ST0257,32,3,10,12,37,B26
BI0494,1,3,10,12,14,B26
PS0337,1,2,15,18,14,B26
PS0339,1,2,6,9,14,B26
PS0344,2,1,9,12,10,B26
PS0346,1,2,9,12,20,B26
PS0338,1,2,15,18,14,B26
CS0056,3,2,18,20,20,B26
FI0140,8,2,15,18,25,B26
OG0353,1,5,6,9,30,B26
OG0261,2,5,18,21,25,B26
OG0261,3,1,18,21,26,B26
OG0261,7,4,9,12,25,B26
OG0347,46,1,15,18,25,B26
OG0347,50,1,12,15,25,B26
OG0347,59,3,9,12,25,B26
PS0305,1,2,6,9,25,B26
PS0310,1,1,9,12,30,B26
PS0301,2,2,9,12,25,B26
PS0305,2,5,15,18,25,B26
DE0156,1,1,6,9,100,B27
DE0011,200,5,6,7.5,42,B27
DE0011,200,3,6,7.5,42,B27
DE0011,202,4,6,7.5,42,B27
DE0011,202,2,6,7.5,42,B27
OG0123,1,4,7.5,9,31,B27
OG0123,2,4,7.5,9,31,B27
OG0123,3,4,7.5,9,31,B27
DE0140,200,1,6,8,35,B27
DE0150,200,1,12,14,70,B27
DE0144,203,3,10,12,35,B27
DE0014,206,3,18,19.5,30,B27
DE0014,206,1,18,19.5,30,B27
DE0087,208,4,12,13.5,30,B27
DE0087,208,2,12,13.5,30,B27
BI0456,151,4,15,18,9,B27
BI0456,152,4,15,18,9,B27
CM0245,3,4,9,12,29,B27
DE0087,206,2,7.5,9,30,B27
DE0085,206,1,9,12,32,B27
DE0025,208,2,6,7.5,30,B27
DE0025,208,4,6,7.5,30,B27
FI0168,1,3,6,9,15,B27
FI0139,7,3,9,12,30,B27
FI0131,22,2,9,12,34,B27
IC0266,64,3,15,18,9,B27
IC0266,65,3,15,18,9,B27
IC0266,66,3,15,18,9,B27
NI0243,12,2,15,18,24,B27
OG1138,77,2,18,22,30,B27
OG1138,77,4,18,22,30,B27
BU0220,21,2,6,7.5,32,B27
CM0426,1,3,7.5,9,30,B27
CM0426,1,5,7.5,9,30,B27
CM0036,2,2,12,15,35,B27
CM0106,3,3,12,15,30,B27
CM0211,4,4,15,18,36,B27
CM0234,9,4,9,12,33,B27
CS0251,1,2,15,18,25,B27
CS0220,20,5,15,18,22,B27
CT0247,82,3,15,17,28,B27
DE0221,3,1,12,15,30,B27
DE0131,200,3,10,12,35,B27
DE0131,200,1,10,12,35,B27
DE0121,203,1,18,21,35,B27
DE0087,207,4,7.5,9,30,B27
DE0087,207,2,7.5,9,30,B27
DE0025,211,3,6,7.5,30,B27
DE0025,211,1,6,7.5,30,B27
HL0355,1,1,15,18,30,B27
HL0555,10,5,12,15,35,B27
HL0555,16,4,12,15,35,B27
OG0591,62,5,9,12,35,B27
PS0313,1,2,9,12,35,B27
IC0274,68,1,9,12,10,B27
IC0274,69,1,9,12,10,B27
OG1130,76,4,18,22,30,B27
OG1130,76,2,18,22,30,B27
FI0140,2,1,6,9,25,B27
FI0140,3,3,6,9,25,B27
FI0140,12,1,12,15,25,B27
FI0157,22,3,9,12,19,B27
FI0158,23,2,15,18,25,B27
FI0224,26,4,9,12,20,B27
FI0240,41,3,12,13.5,25,B27
OG0347,30,1,9,12,25,B27
OG0347,51,2,9,12,25,B27
OG0347,54,3,15,18,25,B27
FI0140,4,4,15,18,25,B27
FI0140,6,3,9,12,25,B27
FI0159,11,3,13.5,15,24,B27
FI0159,11,1,13.5,15,24,B27
FI0156,25,4,9,12,19,B27
FI0116,28,4,6,9,28,B27
FI0116,29,2,6,9,28,B27
FI0116,35,2,9,12,28,B27
FI0116,38,3,12,13.5,20,B27
FI0116,38,1,12,13.5,20,B27
OG0261,4,1,9,12,25,B27
OG0261,9,3,6,9,25,B27
OG0347,52,2,15,18,25,B27
OG0347,56,3,15,18,25,B27
OG0347,60,1,18,21,25,B27
OG0347,61,5,6,9,25,B27
DE0071,2,4,6,8,22,B27
FI0232,1,2,9,12,15,B27
HL0328,4,3,15,18,30,B27
HL0330,4,4,9,12,30,B27
ID0242,162,4,16,18,22,B27
ID0255,167,4,18,20,7,B27
ID0255,168,4,18,20,7,B27
ID0255,169,4,18,20,7,B27
ID0230,172,2,13,15,24,B27
PR0311,157,2,15,18,22,B27
PS0335,1,1,9,12,35,B27
PS0312,3,3,9,12,22,B27
ST0270,32,5,16,18,22,B27
OG1135,78,2,18,22,30,B27
OG1135,78,4,18,22,30,B27
BU0220,25,3,12,13.5,31,B27
CM0212,1,5,9,12,36,B27
CM0212,7,4,12,15,36,B27
CS0058,2,1,12,14,25,B27
DE0129,210,2,12,15,28,B27
EC0009,1,5,15,18,35,B27
EC0260,1,1,15,18,37,B27
EC0243,3,5,12,15,35,B27
HL0591,22,2,15,18,36,B27
IC0268,61,5,6,9,26,B27
IM0232,74,3,18,21,32,B27
IP0244,53,1,9,12,5,B27
IP0244,54,1,9,12,5,B27
IP0244,55,1,9,12,5,B27
IP0244,56,1,9,12,5,B27
ME0232,2,4,9,12,35,B27
ME0070,4,4,15,18,35,B27
NI0286,3,2,9,12,33,B27
OG0262,5,3,9,12,31,B27
ST0256,31,3,15,18,32,B27
OG1127,75,3,18,22,33,B27
OG1127,75,1,18,22,33,B27
BI0488,1,4,15,17,14,B27
CS0058,2,3,12,14,25,B27
CS0029,3,3,15,17,35,B27
DE0143,200,1,15,18,35,B27
DE0124,200,2,9,12,28,B27
GP0039,14,5,12,15,35,B27
HL0558,1,2,15,18,30,B27
HL0357,1,5,15,18,27,B27
IC0276,62,3,9,12,23,B27
IC0279,64,1,12,15,12,B27
OG0125,1,4,9,12,36,B27
OG0125,8,1,9,12,36,B27
ST0270,31,4,13,15,22,B27
MU0401,16,5,9,12,20,B28
MU0400,24,3,9,12,20,B28
MU0413,183,5,7,9,26,B28
MU0401,10,1,12,15,20,B28
MU0401,12,2,12,15,20,B28
MU0401,13,2,9,12,20,B28
MU0401,15,1,9,12,20,B28
MU0401,17,3,9,12,17,B28
MU0401,18,4,9,12,14,B28
MU0400,25,5,9,12,19,B28
BI0495,1,1,13,15,14,B29
CM0438,1,3,9,12,30,B29
CM0091,1,4,13.5,15,30,B29
CM0091,1,2,13.5,15,30,B29
CM0088,101,4,10.5,12,30,B29
CM0088,101,2,10.5,12,30,B29
CO0221,41,1,18,21,30,B29
PR0239,151,5,10,12,7,B29
PR0239,152,5,10,12,7,B29
IP0665,2,3,18,20.5,14,B29
BI0482,1,3,9,12,30,B29
BI0461,152,4,7.5,9,10,B29
BI0461,152,2,7.5,9,10,B29
CO0227,1,2,13.5,15,14,B29
CO0227,1,2,12,13.5,14,B29
CO0224,41,4,15,18,30,B29
CS0094,2,2,16,18,21,B29
EC0275,1,1,9,12,15,B29
FI0241,1,2,9,12,30,B29
GP0065,1,3,15,18,30,B29
NI0266,1,4,12,15,30,B29
PS0321,1,1,15,18,30,B29
BU0220,21,4,6,7.5,32,B29
CM0211,10,2,6,9,36,B29
CS0241,2,1,6,9,32,B29
DE0071,1,3,6,8,22,B29
DE0142,201,3,9,12,27,B29
DE0087,205,4,12,13.5,30,B29
DE0087,205,2,12,13.5,30,B29
DE0087,206,4,7.5,9,30,B29
EC0258,21,1,15,18,24,B29
GP0022,1,5,9,12,35,B29
GP0039,13,3,12,15,35,B29
GP0039,24,5,6,9,35,B29
ME0212,8,4,9,12,30,B29
OG0262,3,3,15,18,30,B29
OG0131,8,2,9,12,30,B29
PR0243,151,2,15,18,30,B29
PS0317,1,1,9,12,29,B29
IC0694,21,6,8,11,30,B29
CO0220,41,4,6,9,30,B29
CS0047,3,3,9,12,14,B29
DE0071,2,2,6,8,22,B29
DF0238,1,5,9,12,27,B29
EC0266,3,4,10,12,27,B29
FI0170,199,2,9,12,20,B29
IC0290,61,1,14,16,16,B29
NI0260,1,1,9,12,30,B29
PR0312,152,3,6,9,25,B29
PR0312,154,4,15,18,24,B29
ST0256,32,2,15,18,32,B29
BI0504,1,4,16,18,30,B29
CM0230,20,4,12,13.5,21,B29
CM0230,22,4,13.5,15,22,B29
CS0094,1,2,16,18,22,B29
EC0255,2,1,12,15,30,B29
GP0026,1,5,9,12,30,B29
ID0263,164,4,9,12,20,B29
IP0237,51,3,9,12,25,B29
NI0267,1,1,15,18,30,B29
NI0247,24,1,9,12,24,B29
PR0311,153,2,9,12,24,B29
PS0327,2,3,12,15,21,B29
CO0140,41,1,9,12,30,B29
DF0290,1,1,15,18,10,B29
GP0059,1,2,15,18,30,B29
GP0054,1,2,9,12,30,B29
HL0325,3,5,9,12,30,B29
IC0283,62,4,6,9,20,B29
IC0288,67,3,12,14,16,B29
IP0283,2,4,9,12,20,B29
NI0288,1,1,6,8,30,B29
PS0344,1,3,9,12,10,B29
PS0324,1,4,15,18,21,B29
PS0312,4,3,6,9,22,B29
ID0620,192,3,18,20,12,B29
CO0233,1,4,12,15,12,B29
CO0231,41,2,12,15,30,B29
EC0307,1,3,9,10.5,15,B29
EC0310,1,1,6,9,30,B29
EC0314,1,1,15,18,30,B29
HL0316,2,4,9,12,30,B29
IP0230,51,2,9,12,10,B29
IC0709,61,6,8,11,30,B29
IC0710,61,6,11,14,30,B29
IC0695,142,4,6,8,30,B29
IP0663,2,1,18,20.5,14,B29
BI0836,1,2,15,18,30,B29
DF0713,1,4,9,10.5,30,B29
DF0713,1,2,9,10.5,30,B29
IP0688,51,3,6,8,30,B29
IP0688,51,5,6,8,30,B29
IP0688,51,4,6,8,30,B29
IP0688,51,2,6,8,30,B29
DF0125,1,3,9,12,6,B29
PS0340,1,3,12,15,30,B29
DF0820,1,1,15,17,18,B29
PR0613,145,3,18,21,30,B29
BI0491,1,1,13,15,30,B29
CO0226,1,1,6,7.5,14,B29
CO0226,1,1,7.5,9,14,B29
CS0236,1,2,15,18,30,B29
GP0074,1,2,12,15,30,B29
GP0071,1,1,15,18,30,B29
IP0211,1,1,9,10,10,B29
DF0712,1,4,15,18,30,B29
IP0664,2,3,15,18,14,B29
IP0661,2,4,18,20.5,14,B29
MU0404,183,4,10,12,25,B30
MU0316,100,1,9,11,15,B30
MU0466,183,4,9,11,22,B30
MU0401,11,1,15,18,20,B30
MU0402,17,2,9,12,22,B30
MU0400,26,2,15,18,20,B30
MU0412,183,3,12,14,26,B30
MU0405,183,4,15,18,30,B30
MU0441,183,4,9,11,26,B30
MU0444,183,1,9,12,25,B30
MU0424,183,5,9,12,25,B30
MU0442,183,1,7,9,22,B30
MU0433,183,4,7,9,26,B30
MU0443,183,2,7,9,22,B30
MU0432,183,3,7,9,22,B30
MU0457,183,3,10,12,20,B30
MU0317,100,3,13,15,18,B30
MU0327,200,3,9,11,18,B30
MU0337,300,3,15,17,18,B30
MU0411,183,5,9,11,26,B30
MU0421,183,3,15,17,20,B30
MU0436,183,2,7,9,22,B30
MU0423,183,3,9,11,26,B30
MU0422,183,4,9,11,22,B30
MU0456,183,5,10,11,22,B30
MU0436,184,2,15,17,22,B30
MU0315,100,3,11,13,30,B30
MU0446,183,3,9,11,22,B30
MU0407,183,3,16,18,22,B30
MU0482,183,5,9,11,30,B30
MU0324,200,1,9,12,20,B30
MU0328,201,1,15,17,15,B30
MU0334,300,4,15,18,20,B30
MU0414,183,4,9,12,26,B30
MU0434,183,3,9,12,25,B30
MU0483,183,2,13.5,15,30,B30
MU0484,183,3,15,16.5,30,B30
MU0483,183,2,12,13.5,30,B30
MU0484,183,3,16.5,18,30,B30
MU0318,100,2,12,14,15,B30
MU0326,201,4,12,14,15,B30
MU0336,300,1,12,14,15,B30
MU0338,300,3,9,11,15,B30
MU0481,183,4,9,10,30,B30
MU0406,183,3,9,12,30,B30
MU0431,183,5,9,11,22,B30
BU0227,2,2,12,13.5,39,B33
CM0108,2,2,18,21,35,B33
CM0324,2,4,6,9,30,B33
CM0246,4,5,15,18,31,B33
CM0231,6,2,15,18,35,B33
CM0231,7,4,9,12,36,B33
CM0231,10,4,12,15,36,B33
DE0084,1,1,15,18,34,B33
DE0215,202,3,12,15,35,B33
DE0142,202,2,6,7.5,26,B33
DE0086,204,4,15,18,37,B33
DE0025,209,3,18,21,30,B33
DF0238,2,4,18,21,27,B33
HL0356,2,5,9,12,35,B33
HL0591,18,1,18,21,36,B33
ME0230,4,1,9,12,35,B33
ME0158,4,2,9,12,35,B33
NI0287,3,5,12,15,28,B33
OG0124,2,1,12,15,36,B33
OG0122,3,3,6,9,35,B33
OG0122,10,3,10,11.5,35,B33
OG0956,40,5,18,22,31,B33
OG0956,40,6,8,12,31,B33
DE0135,202,1,12,15,35,B33
DE0138,202,3,15,18,28,B33
DE0136,203,4,15,17,34,B33
DE0086,203,2,9,12,37,B33
EC0235,3,1,18,21,35,B33
FI0116,34,4,6,9,29,B33
GP0061,1,4,10.5,12,35,B33
HL0355,4,5,9,12,30,B33
HL0591,16,1,9,12,36,B33
IC0268,63,1,6,9,22,B33
IC0264,63,3,9,12,19,B33
IC0272,65,2,6,9,16,B33
IC0272,66,2,6,9,17,B33
ME0172,1,3,18,21,35,B33
ME0106,9,2,18,21,35,B33
ME0212,10,4,18,21,35,B33
ME0245,21,2,12,15,35,B33
NI0299,1,2,15,18,35,B33
OG0260,11,3,12,15,32,B33
OG0135,15,3,6,9,35,B33
CM0231,4,5,9,12,36,B33
CO0133,10,1,9,12,33,B33
CS0230,2,4,16,18,29,B33
DE0119,2,3,6,9,36,B33
DE0126,200,5,6,9,35,B33
DE0055,201,1,18,21,30,B33
DE0131,203,3,12,14,36,B33
DE0123,209,2,18,19.5,35,B33
DE0025,210,5,15,18,30,B33
EC0103,10,2,15,18,35,B33
IM0232,76,5,12,15,32,B33
ME0236,1,4,6,9,35,B33
ME0106,1,4,9,12,35,B33
NI0256,1,3,15,18,35,B33
NI0295,2,3,9,12,30,B33
NI0287,2,1,15,18,28,B33
NI0257,2,2,6,9,20,B33
OG0262,2,1,12,15,30,B33
OG0124,8,4,12,15,35,B33
ST0256,33,2,9,12,32,B33
CM0446,1,1,7.5,9,29,B33
CM0446,1,3,7.5,9,29,B33
CM0028,4,1,9,12,33,B33
CM0231,5,2,6,9,36,B33
CO0133,3,2,12,15,33,B33
CO0139,41,1,18,21,30,B33
EC0240,4,2,9,10.5,35,B33
EC0243,5,5,9,12,34,B33
EC0103,8,3,12,15,35,B33
FI0139,4,3,18,21,30,B33
GP0061,1,2,10.5,12,35,B33
GP0038,6,4,6,9,28,B33
GP0039,16,4,12,15,35,B33
IC0274,64,4,9,12,11,B33
IC0270,64,4,15,18,9,B33
IC0274,65,4,9,12,11,B33
IC0270,66,4,15,18,9,B33
IC0274,66,4,9,12,11,B33
IC0274,67,4,9,12,11,B33
IC0270,67,4,15,18,9,B33
IC0270,68,2,18,21,9,B33
IC0270,69,2,18,21,9,B33
IC0270,70,2,18,21,9,B33
IC0270,71,2,18,21,9,B33
ME0158,1,3,9,12,35,B33
ME0216,2,4,18,21,35,B33
ME0145,5,3,15,18,35,B33
NI0247,23,1,12,15,35,B33
OG0591,37,2,15,18,35,B33
PS0343,1,1,15,18,30,B33
CM0244,4,4,15,18,34,B33
CO0127,41,1,9,12,35,B33
CO0217,53,1,18,21,24,B33
CS0094,3,3,18,20,21,B33
DE0084,20,2,12,15,34,B33
DE0013,200,1,15,18,27,B33
DE0125,201,5,9,12,22,B33
DE0148,202,2,18,19.5,30,B33
DE0136,202,1,6,8,33,B33
DE0131,203,1,12,14,36,B33
DE0139,208,3,12,13.5,35,B33
DE0123,209,4,18,19.5,35,B33
DE0139,209,3,13.5,15,36,B33
EC0159,1,2,16,18,35,B33
EC0215,22,3,9,12,35,B33
FI0116,39,4,9,12,28,B33
GP0038,2,5,6,9,29,B33
GP0030,2,4,19.5,21,35,B33
GP0030,2,2,19.5,21,35,B33
IC0267,64,4,6,9,25,B33
IC0267,66,2,6,9,26,B33
IP0250,53,3,6,9,12,B33
IP0250,54,3,6,9,12,B33
ME0233,3,2,9,12,35,B33
ME0070,7,3,15,18,35,B33
OG0134,13,4,12,15,31,B33
BI0474,102,3,10.5,12,20,B33
CM0109,1,5,12,15,37,B33
CM0232,2,4,15,18,34,B33
CM0218,3,2,15,18,33,B33
CM0234,6,4,12,15,33,B33
CO0135,32,3,18,21,31,B33
CO0144,41,1,15,18,35,B33
CS0095,3,2,12,15,26,B33
DE0142,202,4,6,7.5,26,B33
DE0145,203,4,7.5,9,27,B33
DF0236,17,5,9,12,15,B33
DF0236,18,5,9,12,14,B33
EC0159,3,3,16,18,35,B33
EC0101,4,5,6,9,33,B33
EC0235,8,1,12,15,33,B33
GP0038,1,2,18,21,29,B33
HL0355,5,1,9,12,30,B33
IM0234,77,1,18,21,27,B33
ME0106,6,3,6,9,35,B33
OG0123,8,3,12,15,36,B33
OG0128,8,4,18,21,35,B33
OG0122,11,1,6,9,35,B33
PR0251,151,2,7,9,8,B33
PR0251,152,2,7,9,9,B33
PR0251,153,2,7,9,8,B33
PS0315,2,4,9,12,24,B33
BI0466,153,3,7.5,9,11,B33
BI0466,153,5,7.5,9,11,B33
BI0466,154,3,7.5,9,10,B33
BI0466,154,5,7.5,9,10,B33
BU0220,22,1,6,7.5,32,B33
BU0220,22,3,6,7.5,32,B33
CM0251,1,4,12,15,35,B33
CM0235,8,1,15,18,36,B33
CM0235,9,2,15,18,36,B33
CM0211,13,2,9,12,36,B33
CM0211,14,5,9,12,36,B33
CM0211,15,2,12,15,36,B33
DE0120,1,4,9,12,33,B33
DE0121,202,3,18,21,35,B33
DE0128,206,2,7.5,9,30,B33
DE0128,208,2,6,7.5,31,B33
GP0031,1,3,15,18,28,B33
HL0555,6,3,12,15,35,B33
IC0267,67,4,6,9,25,B33
IM0245,71,2,18,21,7,B33
IM0245,72,2,18,21,8,B33
IM0245,73,2,18,21,8,B33
NI0104,8,1,9,12,36,B33
NI0275,20,4,18,21,31,B33
OG0205,1,1,18,21,35,B33
PS0311,2,1,12,15,22,B33
PS0314,2,4,15,18,22,B33
ST0250,31,3,10,12,33,B33
OG0918,39,5,18,22,30,B33
OG0918,39,6,8,12,30,B33
CM0105,2,2,7.5,9,34,B33
CM0231,3,3,6,9,36,B33
CM0212,8,4,15,18,37,B33
CM0234,8,5,12,15,33,B33
CM0218,11,1,18,21,30,B33
CT0272,81,2,15,18,33,B33
DE0132,203,3,9,12,35,B33
DE0123,208,2,12,15,35,B33
EC0243,8,2,9,12,34,B33
GP0038,7,1,9,12,29,B33
HL0593,3,5,6,9,34,B33
IC0275,62,4,6,9,36,B33
ME0215,3,2,18,21,35,B33
ME0230,3,5,9,12,35,B33
ME0212,4,1,15,18,35,B33
ME0157,5,4,18,21,35,B33
NI0191,22,1,12,15,35,B33
OG0125,6,3,18,21,35,B33
OG0260,6,3,12,15,32,B33
OG0123,10,3,15,18,35,B33
ST0252,33,4,9,12,20,B33
BU0220,24,3,7.5,9,32,B33
CM0246,2,4,18,21,31,B33
CM0244,5,3,18,21,33,B33
CM0218,7,3,15,18,33,B33
CO0135,54,1,9,12,32,B33
CS0091,2,1,15,18,31,B33
DE0120,6,4,15,18,33,B33
DE0084,22,1,12,15,34,B33
DE0141,202,4,12,15,37,B33
DE0149,205,1,18,20,25,B33
EC0235,2,3,9,12,31,B33
FI0131,21,3,6,7.5,34,B33
FI0131,21,1,6,7.5,34,B33
IC0267,65,2,6,9,24,B33
ME0241,1,2,18,21,35,B33
ME0104,3,4,9,12,35,B33
ME0233,4,2,12,15,35,B33
ME0245,22,3,12,15,35,B33
NI0296,1,2,15,18,35,B33
OG0131,6,2,9,12,30,B33
PS0316,1,4,6,9,23,B33
PS0314,1,5,9,12,22,B33
PS0324,2,5,6,9,22,B33
CM0245,1,4,9,12,29,B33
CM0235,6,3,9,12,28,B33
CM0232,7,1,9,12,34,B33
CO0133,12,4,6,9,31,B33
CS0229,1,2,6,8,31,B33
CS0094,1,4,16,18,22,B33
DE0086,201,2,9,12,37,B33
EC0102,4,3,6,9,32,B33
EC0102,7,3,15,18,32,B33
EC0101,12,2,15,18,33,B33
FI0131,20,1,12,15,34,B33
HL0591,19,2,12,15,36,B33
ME0253,1,1,6,9,35,B33
ME0212,1,3,12,15,35,B33
ME0235,3,5,9,12,26,B33
ME0231,5,4,12,15,35,B33
ME0106,7,2,18,21,35,B33
OG0267,1,3,18,21,30,B33
OG0124,3,5,12,15,36,B33
OG0134,16,5,6,9,35,B33
OG0135,25,4,18,21,35,B33
OG0276,58,1,18,21,35,B33
PR0312,160,1,15,18,25,B33
ME0737,21,5,18,22,30,B33
ME0737,21,6,8,12,30,B33
BU0220,29,4,12,13.5,31,B33
CM0211,1,2,15,18,37,B33
CM0235,2,5,9,12,35,B33
CM0244,10,2,12,15,33,B33
CM0211,12,3,15,18,36,B33
DE0132,200,3,10.5,12,35,B33
DE0128,206,2,18,19.5,30,B33
EC0112,2,3,9,10.5,38,B33
EC0103,9,5,12,15,35,B33
EC0243,12,3,18,21,34,B33
EC0243,13,1,15,18,34,B33
GP0037,3,1,18,21,25,B33
HL0591,2,1,9,12,37,B33
IC0264,61,2,9,12,19,B33
IC0264,62,2,9,12,19,B33
ME0240,2,3,6,9,36,B33
NI0285,13,4,9,12,35,B33
OG0351,1,3,12,13.5,35,B33
OG0351,1,1,12,13.5,35,B33
OG0126,1,4,18,21,31,B33
OG0355,1,2,6,9,30,B33
OG0276,57,4,6,9,35,B33
ST0258,32,4,13.5,15,20,B33
ST0258,32,4,15,16.5,20,B33
CM0231,8,1,15,18,35,B33
CO0333,30,4,15,18,35,B33
CS0240,1,3,6,9,30,B33
DE0084,9,4,18,21,34,B33
DE0148,203,2,6,7.5,28,B33
DE0128,208,4,6,7.5,31,B33
DF0239,7,5,7.5,9,13,B33
DF0236,244,2,9,12,15,B33
DF0236,245,2,9,12,15,B33
EC0103,3,2,12,15,35,B33
EC0101,8,3,18,21,33,B33
FI0116,25,4,12,15,27,B33
GP0056,1,3,15,18,30,B33
IC0276,60,1,9,12,23,B33
IM0237,71,4,7.5,9,35,B33
IM0237,71,2,7.5,9,35,B33
ME0233,1,3,9,12,35,B33
ME0216,1,2,18,21,36,B33
NI0286,1,5,12,15,33,B33
NI0252,2,4,9,12,27,B33
NI0247,12,1,18,21,35,B33
NI0191,21,2,15,18,35,B33
OG0591,67,1,12,15,35,B33
PS0302,3,1,6,9,21,B33
ST0257,32,5,10,12,37,B33
BU0220,23,2,7.5,9,32,B33
BU0220,26,1,6,7.5,33,B33
BU0220,26,3,6,7.5,33,B33
CM0245,2,3,15,18,29,B33
CM0218,8,4,15,18,33,B33
CS0229,3,4,7,9,32,B33
DE0078,1,1,7.5,9,30,B33
DE0078,1,3,7.5,9,30,B33
DE0123,2,3,9,12,35,B33
DE0152,200,5,6,9,24,B33
DE0135,201,2,12,15,36,B33
DE0126,201,4,12,15,35,B33
DE0136,203,2,15,17,34,B33
DE0152,203,1,18,21,24,B33
EC0101,3,1,9,12,33,B33
FI0131,23,2,6,7.5,34,B33
GP0037,2,5,9,12,25,B33
HL0356,1,2,9,12,37,B33
IC0266,61,5,12,15,9,B33
IC0266,62,5,12,15,9,B33
IC0266,72,5,12,15,9,B33
IP0248,51,1,15,18,6,B33
IP0248,52,1,15,18,6,B33
IP0248,53,1,15,18,6,B33
IP0248,55,1,15,18,6,B33
ME0159,2,3,12,15,35,B33
NI0269,1,3,18,21,36,B33
OG0279,6,2,18,21,30,B33
OG0279,13,4,9,12,31,B33
OG0591,26,1,12,15,35,B33
IC0661,21,6,8,11,30,B33
IC0659,21,6,11,14,30,B33
IC0622,21,5,18,21,30,B33
CM0232,1,1,15,18,34,B33
CM0260,1,4,15,18,35,B33
CM0212,4,3,12,15,36,B33
CM0244,6,3,15,18,33,B33
CM0244,8,2,6,7.5,33,B33
DE0084,11,3,18,21,34,B33
DE0137,200,2,9,12,35,B33
DE0215,200,1,12,15,35,B33
DE0014,207,2,7.5,9,30,B33
HL0555,9,5,6,9,35,B33
IC0279,60,4,6,9,12,B33
IC0279,61,4,6,9,12,B33
IC0272,63,2,18,21,16,B33
IC0272,64,2,18,21,16,B33
IM0233,72,4,9,12,25,B33
IM0234,72,4,12,15,27,B33
ME0215,1,4,18,21,35,B33
ME0238,1,5,9,12,35,B33
ME0172,2,1,18,21,35,B33
ME0104,5,3,9,12,35,B33
ME0171,14,5,12,15,36,B33
OG0260,3,1,9,12,32,B33
OG0123,11,2,15,18,36,B33
OG0591,25,2,12,15,35,B33
OG0591,52,3,6,9,35,B33
PS0307,1,1,6,9,25,B33
CM0218,1,4,15,18,33,B34
CM0234,1,3,9,12,33,B34
CM0212,13,5,12,15,36,B34
DE0069,1,4,6,8,30,B34
DE0084,3,4,18,21,34,B34
DE0120,4,2,18,21,33,B34
DE0084,5,3,15,18,34,B34
DE0119,11,5,6,9,36,B34
EC0200,1,2,15,18,30,B34
EC0102,10,3,7.5,9,32,B34
EC0215,21,1,9,12,35,B34
FI0116,33,1,12,15,28,B34
FI0116,36,1,15,18,28,B34
GP0066,1,4,9,12,35,B34
HL0593,4,3,12,15,34,B34
HL0555,11,1,6,9,35,B34
ME0247,1,1,18,21,35,B34
ME0232,1,4,12,15,35,B34
ME0159,4,3,18,21,35,B34
ME0212,5,2,6,9,35,B34
NI0253,1,2,9,12,27,B34
NI0104,9,5,9,12,35,B34
NI0276,15,2,12,15,30,B34
IC0620,21,6,11,14,30,B34
OG1114,9,6,7.5,10.5,16,B34
BU0220,28,3,10.5,12,31,B34
CM0211,3,5,12,15,36,B34
CO0135,16,4,9,12,31,B34
CO0135,55,1,12,15,32,B34
DE0084,10,2,18,21,34,B34
DE0133,201,4,6,7.5,30,B34
DE0147,208,3,6,8,30,B34
EC0102,6,4,7.5,9,32,B34
EC0102,9,3,15,18,32,B34
EC0221,21,3,9,10.5,36,B34
FI0116,23,4,12,13.5,28,B34
FI0116,23,2,12,13.5,28,B34
GP0009,2,2,9,12,30,B34
GP0039,15,5,9,12,35,B34
HL0591,12,3,12,15,36,B34
ID0280,162,4,13.5,15,26,B34
ID0280,162,2,13.5,15,26,B34
ME0241,2,1,18,21,35,B34
ME0231,2,4,15,18,35,B34
ME0106,5,1,15,18,35,B34
NI0286,4,1,9,12,33,B34
NI0247,21,3,18,21,35,B34
OG0131,3,2,6,9,25,B34
OG0128,5,5,6,9,35,B34
OG0111,14,4,18,21,30,B34
OG0134,15,1,6,9,35,B34
BI0230,153,1,9,12,23,B34
BI0230,154,1,9,12,25,B34
CM0211,16,4,12,15,30,B34
CO0333,2,3,6,9,35,B34
CO0217,51,4,18,21,22,B34
DE0119,12,4,15,18,37,B34
EC0258,22,3,9,12,24,B34
GP0039,4,2,15,18,35,B34
GP0039,6,1,12,15,35,B34
IC0271,67,5,9,12,10,B34
IC0271,68,5,9,12,10,B34
IC0271,69,5,9,12,10,B34
ME0246,1,1,18,21,35,B34
ME0242,1,2,9,12,35,B34
ME0106,3,4,6,9,35,B34
ME0157,4,2,6,9,35,B34
ME0159,6,2,18,21,35,B34
ME0104,8,2,12,15,35,B34
OG0112,2,1,15,18,32,B34
OG0264,5,4,9,12,32,B34
OG0591,45,3,18,21,35,B34
OG0591,61,3,15,18,30,B34
IC0682,142,5,15,18,50,B34
CM0422,1,1,7.5,9,30,B34
CM0212,10,5,6,9,36,B34
DE0130,200,2,15,18,29,B34
DE0130,202,1,15,18,28,B34
DE0125,202,5,9,12,22,B34
DE0127,204,4,9,12,27,B34
DE0128,207,3,6,9,30,B34
EC0113,1,1,13.5,15,35,B34
EC0113,1,3,13.5,15,35,B34
FI0116,21,2,13.5,15,29,B34
FI0116,21,4,13.5,15,29,B34
FI0116,26,4,6,7.5,25,B34
FI0116,26,2,6,7.5,25,B34
FI0116,27,1,12,13.5,28,B34
FI0116,27,3,12,13.5,28,B34
FI0131,31,4,7.5,9,34,B34
FI0131,31,2,7.5,9,34,B34
FI0116,32,4,12,13.5,28,B34
FI0116,32,2,12,13.5,28,B34
GP0069,1,4,16,18,35,B34
GP0023,1,1,9,12,22,B34
ID0231,163,4,18,21,25,B34
NI0278,11,3,18,21,35,B34
NI0039,11,1,18,21,25,B34
OG0126,4,2,18,21,31,B34
OG0133,83,3,9,12,30,B34
ST0251,32,3,16.5,18,22,B34
ST0252,34,2,9,12,20,B34
ST0765,32,5,17,21,30,B34
ST0765,32,6,8,12,30,B34
BU0220,23,4,7.5,9,32,B34
CM0323,1,5,9,11,35,B34
CM0109,2,3,15,18,36,B34
CM0232,11,4,6,7.5,34,B34
CM0232,11,2,6,7.5,34,B34
DE0120,3,3,18,21,33,B34
DE0144,201,4,10,12,35,B34
DF0291,1,2,15,18,30,B34
DF0239,9,5,6,9,14,B34
DF0239,10,5,6,9,14,B34
FI0140,9,1,6,9,25,B34
GP0009,4,1,15,18,30,B34
GP0039,8,3,12,15,35,B34
HL0354,2,4,12,15,37,B34
HL0555,7,1,12,15,35,B34
ME0058,1,3,9,12,35,B34
ME0242,7,4,18,21,35,B34
ME0070,8,2,12,15,35,B34
ME0212,9,5,12,15,35,B34
OG0137,2,1,18,21,32,B34
OG0122,2,1,9,12,35,B34
OG0128,4,2,18,21,35,B34
OG0591,44,4,15,18,35,B34
PS0326,1,2,9,12,35,B34
PS0333,1,3,6,9,35,B34
ST0246,31,2,7.5,9,20,B34
CO0135,29,1,18,21,31,B34
CT0310,83,4,15,18,31,B34
DE0226,2,4,18,21,35,B34
DE0215,201,2,18,21,35,B34
DE0137,201,2,12,15,35,B34
DE0012,201,5,9,12,37,B34
EC0260,2,4,9,12,40,B34
FI0162,1,1,9,12,30,B34
FI0224,21,2,9,12,20,B34
HL0593,6,3,15,18,34,B34
IC0260,61,1,6,8,32,B34
IP0250,55,4,6,9,12,B34
IP0250,56,4,6,9,12,B34
ME0248,1,2,6,9,35,B34
ME0242,2,3,18,21,35,B34
ME0215,2,2,15,18,35,B34
ME0104,2,4,12,15,35,B34
ME0171,4,1,15,18,36,B34
NI0051,10,3,6,9,35,B34
NI0238,11,3,9,12,30,B34
OG0591,38,5,6,9,35,B34
CM0212,2,4,9,12,36,B34
EC0243,1,4,15,18,34,B34
EC0103,2,2,18,21,35,B34
EC0235,6,2,9,12,33,B34
EC0101,6,3,9,12,33,B34
EC0102,10,1,7.5,9,32,B34
EC0101,11,5,12,15,33,B34
EC0262,21,2,15,18,29,B34
GP0067,1,3,7,9,36,B34
GP0039,21,3,15,18,35,B34
HL0593,5,4,12,15,35,B34
IC0273,61,3,18,21,32,B34
NI0299,2,3,12,15,35,B34
OG0128,1,1,15,18,35,B34
OG0131,2,4,6,9,30,B34
OG0264,3,1,12,15,32,B34
OG0278,5,2,6,9,36,B34
OG0123,5,4,18,21,36,B34
OG0137,30,2,12,15,32,B34
ST0291,2,1,9,12,35,B34
CM0212,6,2,15,18,36,B34
CT0648,81,3,18,20,35,B34
DE0120,2,2,6,9,33,B34
DE0084,4,4,18,21,34,B34
DE0138,200,1,9,12,28,B34
DE0131,204,3,9,11,35,B34
DE0085,209,3,12,15,32,B34
DF0239,23,4,15,18,13,B34
DF0239,24,4,15,18,13,B34
EC0244,1,2,9,12,31,B34
EC0159,2,2,18,20,35,B34
EC0243,14,1,18,21,34,B34
FI0139,6,3,6,7.5,30,B34
FI0139,6,1,6,7.5,30,B34
HL0358,3,4,9,12,35,B34
IC0290,64,2,12,14,16,B34
ME0237,2,1,12,15,35,B34
ME0104,4,4,6,9,32,B34
OG0281,1,1,15,18,30,B34
OG0122,1,1,7.5,9,35,B34
OG0122,1,3,7.5,9,35,B34
OG0205,2,4,12,15,35,B34
PR0312,159,5,9,12,24,B34
PS0315,1,3,15,18,24,B34
CM0028,1,5,12,15,33,B34
CM0233,2,1,7,9,25,B34
CM0105,3,3,12,15,34,B34
CO0333,34,3,9,12,35,B34
EC0102,2,5,6,9,32,B34
EC0240,4,4,9,10.5,35,B34
GP0031,2,1,9,12,28,B34
GP0039,19,4,18,21,36,B34
HL0591,1,3,15,18,35,B34
HL0555,3,4,15,18,35,B34
HL0550,5,4,12,15,28,B34
IC0274,60,2,9,12,11,B34
IC0274,61,2,9,12,11,B34
IC0272,61,2,18,21,16,B34
IC0272,62,2,18,21,16,B34
IC0274,62,2,9,12,11,B34
IC0274,63,2,9,12,11,B34
ME0104,6,1,12,15,35,B34
ME0212,6,1,18,21,35,B34
NI0286,5,2,12,15,33,B34
OG0134,2,2,6,9,35,B34
OG0128,3,4,6,9,35,B34
OG0279,3,5,9,12,31,B34
OG0591,23,3,18,21,35,B34
OG0591,31,1,15,18,35,B34
ST0251,31,2,16.5,18,22,B34
CM0235,1,2,9,12,36,B34
CM0244,7,3,9,12,33,B34
CM0231,11,3,15,18,35,B34
CO0135,13,1,15,18,31,B34
CO0135,33,4,9,12,32,B34
DE0084,15,3,12,15,34,B34
DE0133,201,2,6,7.5,30,B34
DE0087,202,1,12,15,30,B34
EC0102,6,2,7.5,9,32,B34
EC0243,7,1,9,12,34,B34
EC0101,9,2,12,15,33,B34
HL0591,21,2,15,18,35,B34
HL0591,27,4,12,15,36,B34
HL0591,28,4,15,18,36,B34
IC0281,63,4,18,21,27,B34
IM0237,72,5,7.5,9,35,B34
ME0106,2,2,18,21,35,B34
OG0131,4,3,18,21,30,B34
OG0260,4,1,6,9,32,B34
OG0131,7,1,18,21,30,B34
OG0123,9,4,6,9,35,B34
OG0591,59,5,9,12,35,B34
PS0325,1,3,6,9,20,B34
CM0329,1,1,12,15,25,B34
CM0260,2,2,15,18,35,B34
CM0232,6,5,12,15,34,B34
CM0232,8,3,15,18,35,B34
CO0133,2,3,6,9,32,B34
DE0014,207,4,7.5,9,30,B34
EC0101,2,3,9,12,33,B34
EC0103,7,5,6,9,35,B34
FI0131,23,4,6,7.5,34,B34
FI0224,25,1,15,18,20,B34
HL0555,2,2,12,15,35,B34
IC0268,62,1,6,9,27,B34
IC0267,63,4,15,18,24,B34
IC0280,64,1,9,12,8,B34
IC0280,65,1,9,12,7,B34
IC0280,67,1,9,12,8,B34
IM0234,74,1,18,21,27,B34
IM0232,79,2,9,12,29,B34
ME0171,13,3,12,15,36,B34
NI0191,28,3,18,21,35,B34
OG0128,7,4,18,21,35,B34
OG0122,7,2,18,21,35,B34
OG0591,48,4,12,15,35,B34
PS0334,1,4,9,12,35,B34
ST0277,31,2,6,9,22,B34
BI0474,102,1,10.5,12,20,B34
CM0036,3,1,6,9,35,B34
CM0232,5,3,9,12,34,B34
CO0135,31,2,15,18,31,B34
DE0119,3,4,6,9,36,B34
DE0119,5,2,6,9,36,B34
DE0084,16,4,12,15,34,B34
DE0025,212,4,9,12,31,B34
EC0112,2,1,9,10.5,38,B34
EC0101,10,3,6,9,33,B34
GP0039,3,1,15,18,35,B34
HL0591,3,5,9,12,36,B34
HL0555,13,3,15,18,36,B34
OG0264,1,2,9,12,33,B34
OG0281,2,1,12,15,30,B34
OG0126,2,1,18,21,31,B34
OG0137,3,3,18,21,31,B34
OG0591,24,3,12,15,35,B34
OG0591,33,4,15,18,35,B34
OG0591,51,2,18,21,35,B34
OG0591,56,4,18,21,35,B34
OG0591,64,2,12,15,35,B34
NI0653,1,5,18,21,30,B34
NI0653,1,6,7,12,30,B34
BI0472,102,5,6,9,30,B34
BI0467,153,4,18,19.5,8,B34
CM0230,10,5,13.5,15,21,B34
CM0230,11,5,15,16.5,21,B34
CS0092,1,4,12,15,23,B34
DF0018,1,3,9,10.5,24,B34
DF0018,1,3,10.5,12,24,B34
EC0301,11,4,6,7.5,30,B34
EC0301,11,4,7.5,9,30,B34
FI0140,11,2,15,18,25,B34
GP0051,1,4,15,18,30,B34
GP0052,1,3,16.5,18,30,B34
GP0052,1,3,15,16.5,30,B34
IC0283,65,2,18,21,21,B34
IP0245,52,1,9,12,30,B34
OG0064,21,3,18,21,35,B34
PR0312,167,4,9,12,25,B34
PR0312,168,2,9,12,24,B34
PR0312,176,2,12,15,24,B34
PS0308,1,3,12,15,21,B34
PS0320,2,2,6,9,30,B34
CM0050,1,2,7.5,9,30,B34
CO0134,41,1,18,21,30,B34
CO0132,41,2,18,21,35,B34
CS0234,1,5,12,15,14,B34
CS0092,2,2,12,15,23,B34
EC0306,1,3,18,19.5,30,B34
GP0063,1,4,9,12,35,B34
GP0064,1,5,9,12,30,B34
IC0290,67,1,14,16,16,B34
ID0251,52,4,16.5,18,20,B34
ID0230,171,4,18,20,25,B34
ID0258,177,3,9,11,7,B34
ID0258,178,3,9,11,7,B34
ID0258,179,3,9,11,7,B34
IP0283,1,2,9,12,20,B34
ME0217,2,3,12,15,25,B34
OG0135,27,5,6,9,35,B34
PR0312,170,2,15,18,20,B34
PS0327,1,4,6,9,21,B34
ST0258,31,4,15,16.5,20,B34
ST0258,31,4,13.5,15,20,B34
ST0262,31,1,9,12,25,B34
BU0220,29,2,12,13.5,31,B35
CM0235,4,2,6,9,35,B35
CM0234,5,3,6,9,33,B35
CM0218,12,4,15,18,30,B35
CS0058,1,4,10,12,25,B35
CS0058,1,2,10,12,25,B35
DE0119,6,4,6,9,36,B35
DE0143,201,3,15,18,35,B35
DF0236,240,5,12,15,16,B35
DF0236,241,5,12,15,16,B35
FI0131,27,1,9,12,35,B35
IP0250,51,2,15,18,12,B35
IP0250,52,2,15,18,12,B35
IP0240,70,4,12,15,6,B35
IP0240,71,4,12,15,6,B35
IP0240,72,4,12,15,6,B35
IP0240,73,4,12,15,6,B35
IP0240,76,4,12,15,6,B35
ME0070,6,1,15,18,35,B35
ME0171,15,1,6,9,36,B35
NI0276,17,3,12,15,30,B35
OG0133,86,3,9,12,28,B35
ST0261,31,5,6,9,25,B35
ME0732,26,5,18,21,30,B35
ME0732,26,6,7,12,30,B35
CO0135,18,2,9,12,31,B35
CS0227,1,2,12,15,30,B35
DE0149,201,5,6,8,25,B35
DE0139,210,5,12,15,36,B35
DF0239,15,3,9,12,13,B35
DF0239,16,3,9,12,14,B35
EC0101,1,4,12,15,33,B35
EC0251,4,3,15,16.5,20,B35
ID0246,162,1,13,15,22,B35
NI0281,2,3,6,9,20,B35
OG0134,1,1,9,12,32,B35
OG0128,2,3,12,15,35,B35
OG0591,58,2,6,9,35,B35
OG0133,87,1,6,9,28,B35
OG0133,88,4,9,12,28,B35
PS0323,1,5,9,12,35,B35
CM0231,9,1,6,9,36,B35
CO0133,13,1,15,18,33,B35
CO0133,14,2,6,9,32,B35
DE0084,2,5,6,9,34,B35
DE0136,202,3,6,8,33,B35
EC0112,1,4,13.5,15,39,B35
EC0112,1,2,13.5,15,39,B35
EC0250,22,2,15,16.5,20,B35
EC0250,25,2,15,16.5,20,B35
EC0250,26,2,15,16.5,20,B35
GP0019,2,2,12,13.5,36,B35
GP0019,2,4,12,13.5,36,B35
HL0550,6,4,15,18,28,B35
HL0555,8,1,9,12,35,B35
IC0282,62,4,9,12,30,B35
IP0241,1,3,9,12,11,B35
IP0241,2,3,9,12,11,B35
IP0241,3,3,9,12,11,B35
ME0156,2,4,6,9,35,B35
ME0232,3,3,15,18,35,B35
OG0260,2,2,9,12,32,B35
OG0126,8,1,12,15,31,B35
BU0220,24,1,7.5,9,32,B35
CM0110,1,3,9,12,35,B35
CM0105,2,4,7.5,9,34,B35
CM0235,5,4,9,12,36,B35
CM0230,23,3,15,16.5,22,B35
DE0084,6,2,9,12,35,B35
DE0084,18,1,9,12,35,B35
DE0084,23,5,12,15,35,B35
DE0148,203,4,6,7.5,28,B35
DF0236,238,2,13.5,15,16,B35
DF0236,239,2,13.5,15,16,B35
EC0009,2,4,12,15,35,B35
EC0113,3,2,6,9,38,B35
EC0102,5,1,15,18,32,B35
FI0131,26,1,6,7.5,34,B35
FI0131,26,3,6,7.5,34,B35
IP0257,161,3,12,14,18,B35
OG0137,1,5,6,9,31,B35
BU0227,2,4,12,13.5,39,B35
BU0220,25,5,12,13.5,31,B35
CM0422,1,3,7.5,9,30,B35
CM0218,4,3,9,12,34,B35
CS0056,2,3,15,17,20,B35
DE0084,12,1,6,9,34,B35
DE0133,200,2,6,7.5,30,B35
DE0133,200,4,6,7.5,30,B35
DE0127,201,4,15,18,27,B35
DF0236,238,4,13.5,15,16,B35
DF0236,239,4,13.5,15,16,B35
HL0357,2,3,12,15,26,B35
HL0354,5,2,15,18,36,B35
IC0280,60,1,15,18,5,B35
IC0280,61,1,15,18,8,B35
IC0280,62,1,15,18,8,B35
IC0280,63,1,15,18,8,B35
IC0292,66,1,9,12,24,B35
ME0070,3,4,9,12,35,B35
NI0223,18,5,9,12,30,B35
OG0279,4,2,12,15,30,B35
OG0262,4,1,12,15,30,B35
PS0304,2,2,9,12,25,B35
ME0731,23,6,8,12,30,B35
ME0731,23,5,18,22,30,B35
CM0223,1,4,9,12,33,B35
CM0246,3,4,15,18,31,B35
DE0221,4,2,6,9,30,B35
DE0084,14,5,6,9,35,B35
HL0555,4,4,12,15,35,B35
HL0591,5,1,6,9,36,B35
IC0275,61,2,9,12,35,B35
IC0270,61,3,9,12,9,B35
IC0270,62,3,9,12,9,B35
IC0270,63,3,9,12,9,B35
IC0270,72,3,9,12,9,B35
IM0240,72,1,15,18,32,B35
IM0232,73,3,15,18,30,B35
ME0240,1,4,6,9,37,B35
ME0145,4,1,12,13.5,35,B35
ME0145,4,3,12,13.5,35,B35
NI0257,1,2,12,15,21,B35
OG0278,2,5,9,12,37,B35
OG0591,43,1,9,12,35,B35
PS0330,2,2,15,18,30,B35
PR0631,190,6,8,12,30,B35
CS0229,1,4,6,8,31,B35
CS0251,2,4,15,18,26,B35
CS0046,3,5,12,15,33,B35
CT0240,81,1,15,17,12,B35
CT0240,82,1,15,17,13,B35
CT0240,83,1,15,17,13,B35
DE0119,4,2,6,9,35,B35
DE0084,8,4,12,15,34,B35
DE0132,200,5,10.5,12,35,B35
DE0124,204,3,13.5,15,28,B35
DE0124,204,1,13.5,15,28,B35
DE0127,205,1,6,9,27,B35
DF0239,7,3,7.5,9,13,B35
DF0239,8,5,7.5,9,15,B35
DF0239,8,3,7.5,9,15,B35
EC0235,5,4,9,12,33,B35
EC0102,13,2,9,12,32,B35
IM0232,80,1,9,12,32,B35
ME0235,1,2,15,18,26,B35
OG0279,2,3,9,12,30,B35
PR0240,151,3,12,13.5,10,B35
PR0240,151,1,12,13.5,10,B35
ST0270,31,2,13,15,22,B35
CM0106,1,2,7.5,9,30,B35
CM0234,4,1,9,12,34,B35
CM0211,6,5,9,12,36,B35
CM0232,10,3,6,9,35,B35
CO0135,26,3,9,12,31,B35
CO0135,50,4,12,15,32,B35
DE0084,7,2,12,15,34,B35
DE0125,203,3,12,13.5,22,B35
DE0125,203,1,12,13.5,22,B35
DE0134,206,1,15,18,33,B35
EC0262,2,4,9,12,30,B35
IC0279,61,2,10,12,12,B35
IC0267,62,3,15,18,24,B35
NI0223,12,4,6,9,30,B35
OG0131,1,5,6,9,30,B35
PR0312,151,2,15,18,24,B35
PR0312,173,1,6,9,24,B35
BI0476,101,4,13.5,15,13,B35
BI0476,101,2,13.5,15,13,B35
CM0211,9,3,9,12,36,B35
CM0212,11,4,6,9,36,B35
CO0133,5,4,9,12,32,B35
CO0133,9,5,6,9,32,B35
CT0232,81,2,16,18,24,B35
CT0232,82,2,16,18,24,B35
DE0139,208,1,12,13.5,35,B35
DE0139,209,1,13.5,15,36,B35
DF0239,29,1,9,12,15,B35
DF0239,30,1,9,12,14,B35
EC0103,1,3,12,15,35,B35
EC0285,21,2,12,13.5,50,B35
EC0285,21,4,12,13.5,50,B35
GP0039,7,3,6,9,35,B35
HL0593,1,4,15,18,34,B35
IC0266,67,1,15,18,9,B35
IC0266,68,1,15,18,9,B35
IC0266,69,1,15,18,9,B35
IM0233,75,3,15,18,25,B35
ME0231,3,2,9,12,35,B35
OG0134,11,2,6,9,35,B35
OG0591,30,1,6,9,35,B35
OG1102,8,6,8,12,30,B35
OG1102,8,5,18,22,30,B35
CM0106,1,4,7.5,9,30,B35
CM0244,8,4,6,7.5,33,B35
CO0143,41,2,12,13.5,30,B35
CO0143,41,4,12,13.5,30,B35
CS0230,1,5,12,14,29,B35
CT0647,81,1,16,18,35,B35
DE0141,201,5,9,12,37,B35
EC0216,1,4,13.5,15,36,B35
EC0216,1,2,13.5,15,36,B35
GP0050,1,2,9,10.5,30,B35
ID0280,166,3,7.5,9,26,B35
IM0247,71,4,9,12,35,B35
IM0235,71,3,15,18,9,B35
IM0235,72,3,15,18,8,B35
IM0235,73,3,15,18,8,B35
IP0284,54,2,10.5,12,6,B35
IP0284,55,2,10.5,12,5,B35
IP0284,58,2,10.5,12,6,B35
NI0298,2,4,15,18,35,B35
NI0275,21,2,6,9,31,B35
OG0262,6,3,12,15,31,B35
OG0123,7,1,6,9,36,B35
OG0137,34,1,9,12,31,B35
OG0591,68,5,6,9,35,B35
PR0248,151,3,9,12,7,B35
PR0248,152,3,9,12,7,B35
PR0311,160,2,15,18,22,B35
CO0677,17,6,8,12,30,B35
CO0677,17,5,18,22,30,B35
CM0241,2,4,12,15,35,B35
CM0211,11,2,9,12,36,B35
CM0212,12,3,9,12,36,B35
CO0135,11,1,9,12,31,B35
DE0012,202,2,12,15,36,B35
EC0102,1,3,15,18,32,B35
EC0102,8,2,15,18,32,B35
FI0139,8,1,12,15,30,B35
GP0031,3,1,15,18,28,B35
HL0555,15,5,12,15,35,B35
ID0280,166,5,7.5,9,26,B35
IM0237,72,3,7.5,9,35,B35
ME0212,11,3,12,15,35,B35
NI0281,1,2,6,9,20,B35
NI0285,12,1,6,9,35,B35
OG0125,7,4,9,12,36,B35
OG0260,10,4,15,18,32,B35
OG0124,10,5,9,12,35,B35
OG0276,22,4,6,9,35,B35
BI0232,150,3,6,9,13,B35
BI0232,151,3,6,9,13,B35
BI0265,158,2,12,15,20,B35
BI0265,159,2,12,15,20,B35
BU0220,28,1,10.5,12,31,B35
CM0106,2,4,15,18,31,B35
CS0229,3,2,7,9,32,B35
CT0240,84,1,15,17,12,B35
CT0240,85,1,15,17,14,B35
DE0160,1,4,6,9,30,B35
DE0086,200,3,9,12,37,B35
DE0013,204,1,12,15,27,B35
DF0239,1,3,15,18,13,B35
DF0239,2,3,15,18,15,B35
DF0239,13,2,15,18,15,B35
DF0239,14,2,15,18,15,B35
EC0221,21,1,9,10.5,36,B35
IM0247,72,2,9,12,35,B35
ME0253,3,4,12,15,35,B35
IC0647,21,5,18,21,30,B35
IC0648,21,5,15,18,30,B35
BI0462,153,2,10,12,10,B35
CS0092,3,2,12,15,22,B35
DF0460,153,4,7.5,9,12,B35
DF0460,154,4,7.5,9,13,B35
GP0053,2,2,15,16.5,30,B35
GP0057,2,3,15,16.5,30,B35
ID0280,163,2,7.5,9,26,B35
OG0237,8,1,9,12,30,B35
PR0266,151,4,16,18,25,B35
PR0237,151,1,15,17,20,B35
PS0300,1,3,9,12,25,B35
ST0245,31,4,10.5,12,23,B35
ST0245,31,4,9,10.5,23,B35
IC0602,142,5,8,10,30,B35
IC0639,14,6,11,14,30,B35
IC0641,14,5,15,18,30,B35
CO0126,41,5,9,12,35,B35
CS0253,1,4,12,15,27,B35
DE0069,1,2,6,8,30,B35
EC0255,1,3,6,9,30,B35
EC0244,2,2,9,12,30,B35
GP0053,2,4,15,16.5,30,B35
IC0292,65,1,6,9,23,B35
ID0280,163,4,7.5,9,26,B35
IP0236,51,2,15,18,25,B35
IP0232,60,1,9,12,30,B35
IP0234,161,3,15,18,30,B35
PR0245,151,3,9,12,25,B35
PR0252,151,4,9,12,24,B35
PS0329,1,2,12,15,30,B35
ST0246,33,4,6,7.5,20,B35
IC0265,61,3,7.5,9,9,B38
IC0265,73,2,7.5,9,9,B38
IC0265,73,2,6,7.5,9,B38
IC0265,74,2,6,7.5,9,B38
IC0265,74,2,7.5,9,9,B38
IC0265,75,2,6,7.5,9,B38
IC0265,75,2,7.5,9,9,B38
IC0265,78,2,6,7.5,9,B38
IC0265,78,2,7.5,9,9,B38
IC0265,79,2,6,7.5,9,B38
IC0265,79,2,7.5,9,9,B38
IC0265,80,2,7.5,9,9,B38
IC0265,80,2,6,7.5,9,B38
BI0499,1,1,18,20,30,B38
BI0463,153,5,7.5,9,30,B38
BI0469,153,2,12,13.5,30,B38
BI0469,153,4,12,13.5,30,B38
BI0235,154,3,12,15,10,B38
CS0220,22,5,9,12,20,B38
DE0145,200,2,7.5,9,27,B38
DE0134,205,1,9,12,25,B38
DF0037,1,3,18,21,20,B38
EC0246,2,4,7.5,9,24,B38
FI0168,2,3,6,9,15,B38
GP0021,1,5,15,17,30,B38
GP0021,1,3,15,17,30,B38
GP0009,5,2,9,12,30,B38
HL0320,2,4,15,18,30,B38
IC0276,64,2,18,21,23,B38
ID0231,164,4,18,21,25,B38
IP0283,3,2,15,18,20,B38
PR0311,156,1,15,18,22,B38
BI0477,1,3,13.5,15,20,B38
BI0473,101,3,7,9,30,B38
CM0087,1,2,7.5,9,30,B38
CM0087,1,4,7.5,9,30,B38
CM0092,101,2,15,16.5,30,B38
CM0092,101,4,15,16.5,30,B38
EC0272,1,2,12,15,30,B38
EC0251,3,2,16.5,18,20,B38
FI0232,2,1,9,12,15,B38
GP0024,1,2,18,20,35,B38
HL0318,2,3,15,18,30,B38
NI0251,2,3,18,21,20,B38
NI0290,11,1,18,21,14,B38
OG0349,1,4,18,21,30,B38
PR0255,151,5,9,12,30,B38
IC0635,15,6,11,14,30,B38
IC0630,15,5,15,21,30,B38
BI0477,1,5,13.5,15,20,B38
BI0463,153,3,7.5,9,30,B38
CO0228,1,4,18,19.5,14,B38
CO0228,1,4,19.5,21,14,B38
CO0223,41,2,15,18,30,B38
CO0149,43,4,12,15,35,B38
DE0127,203,4,15,18,27,B38
FI0165,1,1,9,12,30,B38
FI0166,1,2,12,15,30,B38
FI0239,2,5,6,9,22,B38
GP0057,2,5,15,16.5,30,B38
HL0326,4,3,18,21,30,B38
OG0136,9,2,18,21,30,B38
PS0316,2,2,6,9,23,B38
CM0081,1,4,7.5,9,30,B38
CM0081,1,2,7.5,9,30,B38
CM0433,1,3,9,12,30,B38
DF0121,1,2,15,18,20,B38
DF0316,1,3,13.5,15,30,B38
FI0164,1,4,6,7.5,30,B38
FI0164,1,2,6,7.5,30,B38
HL0329,4,4,15,18,30,B38
ID0251,54,3,15,18,20,B38
ID0265,161,1,9,12,25,B38
ME0246,2,2,18,21,27,B38
PR0241,152,5,9,12,24,B38
PR0312,161,1,15,18,24,B38
PR0312,165,3,18,21,19,B38
PR0312,169,1,18,21,24,B38
ST0263,32,4,18,21,21,B38
PR0630,190,6,8,12,30,B38
PR0630,190,5,18,22,30,B38
CM0230,8,3,12,13.5,22,B38
CM0230,9,3,13.5,15,21,B38
CO0225,1,3,6,9,14,B38
CS0094,3,1,18,20,21,B38
DE0075,1,2,7.5,9,30,B38
DE0221,2,2,12,15,30,B38
DE0130,203,5,9,12,28,B38
DF0123,1,3,15,18,18,B38
DF0019,113,2,15,16.5,24,B38
DF0019,113,2,16.5,18,24,B38
HL0324,1,4,15,18,30,B38
IC0292,61,1,9,12,23,B38
NI0291,1,4,12,15,14,B38
PR0311,151,3,9,12,22,B38
PS0317,2,1,15,18,25,B38
PR0602,145,5,6,8,30,B38
GP0030,1,3,9,10.5,146,B38
GP0030,1,1,9,10.5,146,B38
IC0265,60,3,7.5,9,9,B38
IC0265,60,3,6,7.5,9,B38
IC0265,61,3,6,7.5,9,B38
IC0265,62,3,6,7.5,9,B38
IC0265,62,3,7.5,9,9,B38
IC0265,63,3,7.5,9,9,B38
IC0265,63,3,6,7.5,9,B38
IC0265,64,3,6,7.5,9,B38
IC0265,64,3,7.5,9,9,B38
IC0265,65,3,7.5,9,9,B38
IC0265,65,3,6,7.5,9,B38
IC0265,66,3,7.5,9,9,B38
IC0265,66,3,6,7.5,9,B38
IC0265,67,3,7.5,9,9,B38
IC0265,67,3,6,7.5,9,B38
IC0265,72,3,6,7.5,9,B38
IC0265,72,3,7.5,9,9,B38
ST0242,33,2,11,12,18,B38
ST0242,35,2,11,12,18,B38
ST0242,36,2,11,12,18,B38
CM0889,1,2,9,12,14,B38
BI0490,1,2,6,8,14,B38
BI0492,1,2,12,14,14,B38
EC0276,21,1,12,15,30,B38
HL0314,3,5,9,12,30,B38
HL0321,3,3,9,12,30,B38
PR0312,162,4,6,9,20,B38
BI0496,1,1,15,17,30,B38
BI0845,1,2,10.5,12,30,B38
BI0845,1,4,10.5,12,30,B38
BI0243,1,4,12,13.5,23,B38
BI0243,1,2,12,13.5,23,B38
CM0002,1,5,15,16.5,30,B38
CM0243,2,2,15,18,35,B38
CS0253,2,5,12,15,25,B38
CS0094,4,2,6,8,22,B38
CT0247,81,3,7,9,28,B38
DE0124,203,1,7.5,9,28,B38
DF0039,1,5,10,12,16,B38
EC0306,1,1,18,19.5,30,B38
EC0311,1,2,13.5,15,30,B38
EC0311,1,1,13.5,15,30,B38
IP0287,161,1,15,17,25,B38
ME0234,3,4,6,9,27,B38
OG0134,17,2,18,21,32,B38
PR0312,172,4,15,18,20,B38
PR0312,174,5,6,9,24,B38
ST0273,31,3,15,18,27,B38
ST0262,32,3,18,21,25,B38
BI0232,152,1,6,9,16,B38
CM0230,1,3,7.5,9,22,B38
CS0056,3,4,18,20,20,B38
DF0236,1,3,9,12,14,B38
DF0316,1,5,7.5,9,30,B38
DF0236,2,3,9,12,14,B38
EC0246,2,2,7.5,9,24,B38
EC0245,2,1,10.5,12,25,B38
FI0169,1,3,18,21,30,B38
GP0058,2,1,15,18,30,B38
HL0311,3,3,15,18,30,B38
HL0313,3,2,15,16.5,30,B38
HL0313,3,4,15,16.5,30,B38
IC0283,63,4,6,9,20,B38
PS0331,1,4,12,15,30,B38
ST0764,32,2,18,21,30,B38
BI0481,1,3,6,9,30,B38
CM0436,1,1,9,10.5,20,B38
CM0441,1,1,7.5,9,10,B38
CM0230,2,3,9,10.5,21,B38
CM0055,51,1,10.5,12,14,B38
CO0230,41,2,16.5,18,30,B38
CO0230,41,2,15,16.5,30,B38
DE0145,200,4,7.5,9,27,B38
EC0245,2,3,10.5,12,25,B38
FI0160,1,3,18,21,30,B38
GP0036,2,1,15,18,30,B38
HL0319,2,5,9,12,30,B38
HL0356,3,5,6,9,35,B38
IC0290,66,3,14,16,16,B38
ID0251,51,4,15,16.5,20,B38
ID0260,63,2,7,9,19,B38
ST0270,32,3,16,18,22,B38
CM0230,3,3,15,16.5,21,B38
CM0465,153,3,13.5,15,30,B38
CO0183,41,3,18,21,30,B38
DE0075,1,4,7.5,9,30,B38
GP0013,1,5,9,12,35,B38
HL0312,3,3,9,12,30,B38
HL0327,4,2,15,18,30,B38
ID0265,160,4,15,18,25,B38
IP0246,52,1,12,15,25,B38
NI0251,1,1,18,21,20,B38
PR0236,151,5,6,9,30,B38
PR0311,159,4,9,12,22,B38
PS0302,1,1,9,12,25,B38
PS0300,2,3,6,9,25,B38
ID0621,192,4,18,20,12,B38
CM0211,17,4,12,15,30,B38
CS0094,4,4,6,8,22,B38
CS0220,21,1,15,18,22,B38
DE0163,1,2,6,9,30,B38
HL0322,1,2,15,18,30,B38
ID0260,61,3,7,9,19,B38
PR0244,151,4,15,18,7,B38
PR0250,151,2,9,12,20,B38
PR0244,152,4,15,18,7,B38
PR0244,153,4,15,18,7,B38
PS0304,1,3,15,18,25,B38
PT0113,40,5,9,10.5,21,B38
PT0113,41,5,10.5,12,21,B38
ST0243,35,1,10,12,27,B38
CM0078,1,2,16.5,18,30,B38
CM0078,1,4,16.5,18,30,B38
CM0439,1,5,7.5,9,30,B38
CM0439,1,3,7.5,9,30,B38
CM0230,4,5,10.5,12,21,B38
CS0224,1,4,12,15,30,B38
EC0245,3,2,7.5,9,25,B38
FI0116,37,2,18,19.5,21,B38
GP0070,1,4,9,12,30,B38
HL0323,1,3,15,18,30,B38
ID0251,51,2,15,16.5,20,B38
ID0260,62,3,10,12,19,B38
ME0217,1,2,12,15,25,B38
OG0269,1,1,18,21,30,B38
OG0268,2,1,9,12,30,B38
PR0246,151,3,18,20,30,B38
PR0312,153,2,9,12,24,B38
PS0303,1,4,6,9,25,B38
PT0113,42,4,15,16.5,24,B38
PT0113,43,2,6,7.5,22,B38
CS0217,1,4,6,8,18,B38
CS0217,1,2,6,8,18,B38
CS0216,1,1,18,20,18,B38
CS0216,1,3,18,20,18,B38
CS0238,1,5,8,12,17,B38
CS0218,2,2,12,14,18,B38
CS0218,2,4,12,14,18,B38
CS0216,2,1,8,10,18,B38
CS0238,3,3,12,14,17,B38
CS0238,3,5,12,14,17,B38
CS0070,3,3,15,17,20,B38
CS0070,3,5,15,17,20,B38
CS0219,113,1,10,14,18,B38
BI0498,1,2,6,8,30,B38
BI0484,1,3,6,8,30,B38
BI0468,152,1,8,9,30,B38
CM0418,1,5,9,12,30,B38
CM0480,1,3,16,18,30,B38
CM0325,1,3,18,21,30,B38
CM0457,2,4,13.5,15,30,B38
CM0457,2,2,13.5,15,30,B38
CM0423,101,4,9,12,30,B38
CO0141,41,4,15,18,35,B38
CO0142,41,4,18,21,35,B38
DE0138,201,2,15,18,28,B38
DE0079,201,4,6,9,30,B38
DF0281,113,1,12,13.5,16,B38
DF0236,246,2,9,12,15,B38
DF0236,247,2,9,12,13,B38
DF0236,248,5,6,9,16,B38
HL0174,1,3,12,15,30,B38
HL0554,1,2,18,21,30,B38
NI0252,1,1,9,12,27,B38
NI0292,1,3,9,10,4,B38
CM0089,101,4,9,10.5,30,B38
CM0089,101,2,9,10.5,30,B38
CO0146,10,1,18,21,35,B38
CO0234,41,2,16.5,18,14,B38
CO0234,41,2,15,16.5,14,B38
FI0116,37,4,18,19.5,21,B38
HL0591,24,1,6,9,21,B38
IC0292,64,2,6,9,23,B38
IP0258,54,4,15,18,16,B38
PR0254,151,1,15,18,30,B38
PR0312,156,3,9,12,25,B38
PR0312,171,1,9,12,24,B38
PS0322,1,3,15,18,30,B38
MU0401,19,5,12,15,10,B38
PT0113,1,1,7.5,9,22,B38
PT0113,2,1,9,10.5,22,B38
PT0113,3,1,10.5,12,23,B38
PT0113,4,1,12,13.5,23,B38
PT0113,5,1,13.5,15,23,B38
PT0113,6,1,15,16.5,22,B38
PT0113,7,1,16.5,18,22,B38
PT0113,8,1,18,19.5,22,B38
PT0113,9,2,7.5,9,23,B38
PT0113,10,2,9,10.5,22,B38
PT0113,11,2,10.5,12,21,B38
PT0113,12,2,12,13.5,21,B38
PT0113,13,2,13.5,15,22,B38
PT0113,14,2,15,16.5,23,B38
PT0113,15,2,16.5,18,21,B38
PT0113,16,2,18,19.5,21,B38
PT0113,17,3,7.5,9,20,B38
PT0113,18,3,9,10.5,23,B38
PT0113,19,3,10.5,12,23,B38
PT0113,20,3,12,13.5,21,B38
PT0113,21,3,13.5,15,22,B38
PT0113,22,3,15,16.5,21,B38
PT0113,23,3,16.5,18,21,B38
PT0113,24,3,18,19.5,23,B38
PT0113,25,4,7.5,9,21,B38
PT0113,26,4,9,10.5,21,B38
PT0113,27,4,10.5,12,21,B38
PT0113,28,4,12,13.5,22,B38
PT0113,29,4,13.5,15,21,B38
PT0113,30,4,15,16.5,21,B38
PT0113,31,4,16.5,18,21,B38
PT0113,32,4,18,19.5,23,B38
PT0113,33,5,6,7.5,23,B38
PT0113,34,5,7.5,9,21,B38
PT0113,35,5,9,10.5,22,B38
PT0113,36,5,10.5,12,21,B38
BI0464,153,2,13.5,15,30,B38
CM0465,153,1,13.5,15,30,B38
CO0232,41,2,6,9,30,B38
CS0225,1,3,15,17,30,B38
CS0061,3,5,9,12,24,B38
DE0130,201,2,9,12,28,B38
DE0124,203,3,7.5,9,28,B38
DF0038,1,1,15,18,18,B38
DF0448,100,2,16,18,35,B38
DF0019,113,4,15,17,24,B38
EC0245,3,4,7.5,9,25,B38
FI0170,200,4,9,12,20,B38
NI0294,1,1,18,21,14,B38
OG0131,5,4,18,21,25,B38
PR0253,152,1,10,12,30,B38
PR0311,158,3,9,12,22,B38
ST0275,32,1,9,10,15,B38
PR0611,145,2,18,21,30,B38
BI0478,1,1,7,9,30,B38
BI0233,151,2,6,9,20,B38
CM0230,24,4,9,10.5,22,B38
CO0229,1,4,6,7.5,14,B38
CO0229,1,4,7.5,9,14,B38
CO0125,41,3,9,12,35,B38
CS0923,2,3,6,9,14,B38
EC0271,1,2,9,12,30,B38
FI0224,24,4,15,18,20,B38
MU0401,14,3,12,15,14,B38
NI0039,12,3,18,21,25,B38
ST0277,32,5,6,9,22,B38
CO0147,41,4,6,9,30,B38
EC0086,1,4,9,12,35,B38
IP0257,162,2,9,11,18,B38
IP0256,163,3,15,18,18,B38
PS0345,1,3,9,12,20,B38
CS0068,1,3,12,14,16,B38
CS0067,1,2,6,9,20,B38
CS0218,1,4,9,11,18,B38
CS0218,1,2,9,11,18,B38
CS0070,2,5,15,17,27,B38
CS0217,2,3,14,18,18,B38
CS0068,2,1,12,14,17,B38
CS0216,2,3,8,10,18,B38
CS0235,2,4,16,18,20,B38
CS0238,2,1,8,12,17,B38
CS0045,3,2,15,18,20,B38
CS0239,3,4,18,21,20,B38
CS0067,5,2,18,21,20,B38
CS0067,7,1,15,18,20,B38
CS0067,9,1,18,21,20,B38
CS0219,112,5,10,14,17,B38
CS0068,1,5,12,14,16,B38
CS0057,1,1,6,9,16,B38
CS0231,1,4,9,12,18,B38
CS0233,1,2,9,12,19,B38
CS0057,2,3,9,12,18,B38
CS0233,2,3,18,21,18,B38
CS0231,2,5,9,12,20,B38
CS0068,2,3,12,14,17,B38
CS0057,3,2,15,18,16,B38
CS0233,3,5,18,21,19,B38
CS0068,3,4,18,20,16,B38
CS0068,3,2,18,20,16,B38
CS0057,4,5,6,9,16,B38
CS0068,4,1,15,19,16,B38
CS0233,4,1,9,12,19,B38
CS0233,5,4,15,18,18,B38
CS0233,6,4,6,9,19,B38
CS0231,6,3,15,18,18,B38
CS0233,7,5,15,18,19,B38
CS0233,8,4,12,15,18,B38
CS0233,9,2,6,9,19,B38
CS0233,10,6,9,12,18,B38
CS0231,10,2,12,15,18,B38
CS0233,11,1,12,15,19,B38
CS0233,12,3,6,9,19,B38
CS0239,1,2,12,15,20,B38
CS0025,1,5,10,12,22,B38
CS0025,1,3,10,12,22,B38
CS0056,1,1,18,20,20,B38
CS0232,1,1,7,9,23,B38
CS0232,2,1,12,14,23,B38
CS0232,2,3,12,14,23,B38
CS0070,2,3,15,17,27,B38
CS0067,2,2,6,9,20,B38
CS0237,2,3,6,9,30,B38
CS0239,2,4,12,15,20,B38
CS0067,3,2,9,12,20,B38
CS0232,3,2,18,20,20,B38
CS0070,4,6,8,12,25,B38
CS0067,6,4,6,9,20,B38
FI0140,10,2,15,18,25,B38
FI0158,24,1,9,12,25,B38
FI0158,25,4,15,18,25,B38
ME0243,3,4,18,21,22,B38
CS0213,1,2,6,10,20,B38
CS0237,1,4,6,9,23,B38
CS0214,1,3,15,19,20,B38
CS0232,1,3,7,9,23,B38
CS0056,2,1,15,17,20,B38
CS0235,2,2,16,18,20,B38
CS0067,4,1,12,15,20,B38
CS0045,5,1,18,21,25,B38
CS0045,7,4,15,18,21,B38
CS0067,8,4,18,21,20,B38
CS0045,9,4,9,12,25,B38
CS0067,10,5,9,12,20,B38
CS0067,12,6,9,12,20,B38
FI0157,23,1,9,12,19,B38
FI0157,25,3,9,12,19,B38
IM0238,71,1,6,7.5,17,B38
IM0238,71,1,7.5,9,17,B38
ST0298,1,2,18,21,24,B38
DF0049,1,2,10.5,12,24,B38
DF0049,1,4,7.5,9,24,B38