Materia;Grupo;Día;Hora inicio;Hora fin;Capacidad;Bloque;Salón
BI0491;1;1;13;15;2;B29;210
BI0488;1;4;15;17;9;B27;403
BI0504;1;4;16;18;8;B29;205
BI0243;1;4;12;13.5;10;B38;202
BI0243;1;2;12;13.5;10;B38;202
BI0499;1;1;18;20;10;B38;103
BI0498;1;2;6;8;5;B38;301
BI0481;1;3;6;9;6;B38;204
BI0490;1;2;6;8;1;B38;111
BI0496;1;1;15;17;6;B38;112
BI0477;1;3;13.5;15;10;B38;105
BI0477;1;5;13.5;15;10;B38;106
BI0484;1;3;6;8;10;B38;301
BI0478;1;1;7;9;10;B38;305
BI0497;1;1;13;15;5;B18;409
BI0482;1;3;9;12;9;B29;202
BI0473;101;3;7;9;7;B38;105
BI0476;101;4;13.5;15;13;B35;401
BI0476;101;2;13.5;15;13;B35;401
BI0474;102;1;10.5;12;7;B34;501
BI0474;102;3;10.5;12;7;B33;203
BI0472;102;5;6;9;7;B34;502
BI0232;150;2;10;12;8;B13;103
BI0232;150;3;6;9;13;B35;501
BI0232;151;2;18;20;8;B13;103
BI0232;151;3;6;9;10;B35;501
BI0233;151;3;10;12;8;B13;104
BI0233;151;2;6;9;10;B38;305
BI0456;151;4;15;18;6;B27;201
BI0232;152;1;6;9;10;B38;203
BI0232;152;5;16;18;8;B13;103
BI0461;152;4;7.5;9;9;B29;202
BI0461;152;2;7.5;9;9;B29;202
BI0468;152;1;8;9;10;B38;301
BI0456;152;4;15;18;9;B27;201
BI0466;153;3;7.5;9;11;B33;204
BI0466;153;5;7.5;9;11;B33;204
BI0462;153;2;10;12;8;B35;502
BI0463;153;5;7.5;9;10;B38;103
BI0463;153;3;7.5;9;10;B38;106
BI0230;153;1;9;12;20;B34;201
BI0230;153;3;12;14;8;B13;104
BI0469;153;2;12;13.5;10;B38;103
BI0469;153;4;12;13.5;10;B38;103
BI0467;153;2;18;19.5;8;B23;203
BI0467;153;4;18;19.5;8;B34;502
BI0230;154;5;14;16;8;B13;104
BI0230;154;1;9;12;20;B34;201
BI0466;154;3;7.5;9;4;B33;204
BI0466;154;5;7.5;9;4;B33;204
BI0242;154;4;12;14;12;B1;923
BI0242;154;2;12;14;12;B1;922
BI0235;154;4;18;21;7;B13;104
BI0235;154;3;12;15;7;B38;103
BI0467;154;4;18;19.5;7;B23;203
BI0467;154;2;18;19.5;7;B23;203
BI0265;158;5;12;14;8;B13;103
BI0265;158;2;12;15;19;B35;501
BI0265;159;2;12;15;15;B35;501
BI0265;159;1;18;20;8;B13;103
CM0081;1;4;7.5;9;10;B38;107
CM0081;1;2;7.5;9;10;B38;107
CM0232;1;1;15;18;14;B33;404
CM0106;1;4;7.5;9;14;B35;402
CM0106;1;2;7.5;9;14;B35;303
CM0446;1;4;13;15;14;B7;108
CM0446;1;1;7.5;9;20;B33;201
CM0446;1;3;7.5;9;20;B33;201
CM0109;1;5;12;15;14;B33;203
CM0440;1;4;13.5;15;9;B7;101
CM0440;1;2;13.5;15;9;B7;101
CM0231;1;4;18;21;14;B16;204
CM0218;1;4;15;18;14;B34;101
CM0233;1;2;13;15;14;B17;201
CM0036;1;5;6;9;14;B17;201
CM0212;1;5;9;12;14;B27;401
CM0418;1;5;9;12;10;B38;301
CM0480;1;3;16;18;10;B38;301
CM0080;1;3;9;12;12;B18;205
CM0329;1;1;12;15;14;B34;403
CM0078;1;2;16.5;18;10;B38;207
CM0078;1;4;16.5;18;10;B38;207
CM0223;1;4;9;12;20;B35;301
CM0436;1;1;9;10.5;10;B38;204
CM0439;1;5;7.5;9;10;B38;207
CM0439;1;3;7.5;9;10;B38;207
CM0441;1;1;7.5;9;4;B38;204
CM0028;1;5;12;15;20;B34;401
CM0251;1;4;12;15;14;B33;204
CM0438;1;3;9;12;6;B29;201
CM0245;1;4;9;12;14;B33;303
CM0260;1;4;15;18;14;B33;404
CM0426;1;3;7.5;9;14;B27;202
CM0426;1;5;7.5;9;14;B27;202
CM0050;1;4;7.5;9;6;B18;205
CM0050;1;2;7.5;9;6;B34;503
CM0211;1;2;15;18;20;B33;401
CM0433;1;3;9;12;10;B38;107
CM0244;1;1;9;12;14;B16;204
CM0091;1;4;13.5;15;6;B29;201
CM0091;1;2;13.5;15;6;B29;201
CM0234;1;3;9;12;14;B34;101
CM0087;1;2;7.5;9;10;B38;105
CM0087;1;4;7.5;9;10;B38;105
CM0108;1;2;9;12;14;B16;203
CM0110;1;3;9;12;14;B35;202
CM0075;1;3;15;18;12;B18;205
CM0085;1;5;9;12;11;B18;205
CM0002;1;5;15;16.5;10;B38;202
CM0230;1;4;6;7.5;31;B19;414
CM0230;1;2;6;7.5;31;B19;414
CM0230;1;3;7.5;9;10;B38;203
CM0422;1;1;7.5;9;4;B34;202
CM0422;1;3;7.5;9;4;B35;203
CM0325;1;3;18;21;9;B38;301
CM0235;1;2;9;12;14;B34;402
CM0323;1;5;9;11;14;B34;203
CM0223;2;5;12;15;14;B17;304
CM0457;2;4;13.5;15;10;B38;301
CM0457;2;2;13.5;15;10;B38;301
CM0244;2;1;15;18;14;B17;304
CM0243;2;2;15;18;10;B38;202
CM0232;2;4;15;18;14;B33;203
CM0234;2;5;6;9;14;B17;302
CM0108;2;2;18;21;14;B33;101
CM0233;2;1;7;9;17;B34;401
CM0231;2;2;15;18;14;B17;303
CM0235;2;5;9;12;17;B33;401
CM0230;2;2;6;7.5;17;B19;414
CM0230;2;3;9;10.5;10;B38;204
CM0230;2;4;6;7.5;17;B19;414
CM0245;2;3;15;18;14;B33;403
CM0260;2;2;15;18;14;B34;403
CM0246;2;4;18;21;14;B33;302
CM0106;2;4;15;18;20;B35;501
CM0241;2;4;12;15;14;B35;403
CM0110;2;4;18;21;14;B17;303
CM0036;2;2;12;15;14;B27;202
CM0212;2;4;9;12;14;B34;302
CM0105;2;2;7.5;9;20;B33;301
CM0105;2;4;7.5;9;14;B35;202
CM0324;2;4;6;9;14;B33;101
CM0109;2;3;15;18;14;B34;203
CM0223;3;3;6;9;14;B7;108
CM0230;3;3;15;16.5;10;B38;205
CM0230;3;4;6;7.5;19;B19;414
CM0230;3;2;6;7.5;19;B19;414
CM0106;3;3;12;15;14;B27;202
CM0211;3;5;12;15;14;B34;102
CM0231;3;3;6;9;20;B33;301
CM0218;3;2;15;18;14;B33;203
CM0245;3;4;9;12;14;B27;201
CM0108;3;1;12;15;14;B7;108
CM0036;3;1;6;9;20;B34;501
CM0244;3;5;9;12;14;B14;405
CM0246;3;4;15;18;20;B35;301
CM0212;3;2;9;12;14;B17;304
CM0105;3;3;12;15;20;B34;401
CM0028;4;1;9;12;20;B33;201
CM0212;4;3;12;15;14;B33;404
CM0231;4;5;9;12;14;B33;103
CM0245;4;3;15;18;14;B17;201
CM0235;4;2;6;9;14;B35;101
CM0230;4;5;10.5;12;10;B38;207
CM0230;4;2;6;7.5;18;B19;414
CM0230;4;4;6;7.5;18;B19;414
CM0211;4;4;15;18;14;B27;202
CM0246;4;5;15;18;14;B33;101
CM0244;4;4;15;18;14;B33;202
CM0234;4;1;9;12;14;B35;303
CM0218;4;3;9;12;14;B35;203
CM0244;5;3;18;21;14;B33;302
CM0232;5;3;9;12;20;B34;501
CM0235;5;4;9;12;14;B35;202
CM0212;5;3;18;21;17;B23;201
CM0218;5;5;9;12;14;B17;304
CM0234;5;3;6;9;14;B35;101
CM0231;5;2;6;9;20;B33;201
CM0211;6;5;9;12;14;B35;303
CM0212;6;2;15;18;14;B34;303
CM0234;6;4;12;15;14;B33;203
CM0232;6;5;12;15;14;B34;403
CM0235;6;3;9;12;14;B33;303
CM0231;6;2;15;18;14;B33;101
CM0244;6;3;15;18;14;B33;404
CM0234;7;3;15;18;14;B17;304
CM0218;7;3;15;18;14;B33;302
CM0244;7;3;9;12;14;B34;402
CM0212;7;4;12;15;14;B27;401
CM0231;7;4;9;12;14;B33;101
CM0232;7;1;9;12;14;B33;303
CM0211;7;4;9;12;17;B23;201
CM0211;8;2;18;21;14;B17;304
CM0231;8;1;15;18;14;B33;402
CM0235;8;1;15;18;14;B33;204
CM0244;8;4;6;7.5;11;B35;402
CM0244;8;2;6;7.5;11;B33;404
CM0212;8;4;15;18;20;B33;301
CM0234;8;5;12;15;20;B33;301
CM0230;8;2;13.5;15;20;B19;414
CM0230;8;4;13.5;15;20;B19;414
CM0230;8;3;12;13.5;10;B38;108
CM0218;8;4;15;18;14;B33;403
CM0232;8;3;15;18;14;B34;403
CM0230;9;3;13.5;15;10;B38;108
CM0230;9;4;13.5;15;18;B19;414
CM0230;9;2;13.5;15;18;B19;414
CM0231;9;1;6;9;20;B35;201
CM0234;9;4;9;12;14;B27;202
CM0232;9;4;18;21;14;B17;301
CM0211;9;3;9;12;20;B35;401
CM0212;9;3;15;18;14;B17;203
CM0235;9;2;15;18;14;B33;204
CM0244;10;2;12;15;20;B33;401
CM0230;10;2;13.5;15;17;B19;414
CM0230;10;5;13.5;15;10;B34;502
CM0230;10;4;13.5;15;17;B19;414
CM0212;10;5;6;9;14;B34;202
CM0234;10;1;15;18;17;B23;202
CM0231;10;4;12;15;14;B33;101
CM0211;10;2;6;9;13;B29;203
CM0232;10;3;6;9;14;B35;303
CM0230;11;2;13.5;15;21;B19;414
CM0230;11;4;13.5;15;21;B19;414
CM0230;11;5;15;16.5;10;B34;502
CM0212;11;4;6;9;20;B35;401
CM0218;11;1;18;21;20;B33;301
CM0232;11;4;6;7.5;14;B34;203
CM0232;11;2;6;7.5;14;B34;203
CM0211;11;2;9;12;14;B35;403
CM0231;11;3;15;18;14;B34;402
CM0232;12;1;6;9;14;B7;108
CM0211;12;3;15;18;20;B33;401
CM0212;12;3;9;12;14;B35;403
CM0218;12;4;15;18;14;B35;101
CM0211;13;2;9;12;14;B33;204
CM0212;13;5;12;15;14;B34;101
CM0211;14;5;9;12;14;B33;204
CM0212;14;4;6;9;14;B17;302
CM0212;15;3;12;15;14;B17;204
CM0211;15;2;12;15;14;B33;204
CM0211;16;4;12;15;20;B34;201
CM0211;17;4;12;15;10;B38;206
CM0230;20;4;12;13.5;10;B29;205
CM0230;20;3;9;10.5;15;B19;415
CM0230;20;5;9;10.5;15;B19;415
CM0230;22;4;13.5;15;10;B29;205
CM0230;22;5;9;10.5;18;B19;415
CM0230;22;3;9;10.5;18;B19;415
CM0230;23;3;15;16.5;14;B35;202
CM0230;23;3;9;10.5;20;B19;415
CM0230;23;5;9;10.5;20;B19;415
CM0230;24;5;9;10.5;17;B19;415
CM0230;24;3;9;10.5;17;B19;415
CM0230;24;4;9;10.5;10;B38;305
CM0055;51;1;10.5;12;9;B38;204
CM0423;101;4;9;12;8;B38;301
CM0415;101;2;7.5;9;12;B7;108
CM0415;101;4;7.5;9;12;B7;108
CM0092;101;2;15;16.5;7;B38;105
CM0092;101;4;15;16.5;7;B38;105
CM0079;101;4;9;12;6;B18;205
CM0089;101;4;9;10.5;8;B38;302
CM0089;101;2;9;10.5;8;B38;302
CM0475;102;2;9;12;8;B7;106
CM0465;153;1;13.5;15;9;B38;304
CM0465;153;3;13.5;15;9;B38;205
CM0470;153;3;13.5;15;10;B7;101
CM0470;153;1;13.5;15;7;B18;310
CO0233;1;4;12;15;6;B29;208
CO0226;1;1;6;7.5;6;B29;210
CO0226;1;1;7.5;9;6;B29;210
CO0227;1;2;13.5;15;6;B29;202
CO0225;1;3;6;9;3;B38;108
CO0227;1;2;12;13.5;6;B29;202
CO0228;1;4;18;19.5;7;B38;106
CO0228;1;4;19.5;21;7;B38;106
CO0229;1;4;6;7.5;2;B38;305
CO0229;1;4;7.5;9;2;B38;305
CO0333;2;3;6;9;20;B34;201
CO0133;2;3;6;9;14;B34;403
CO0133;3;2;12;15;20;B33;201
CO0133;4;1;6;9;14;B17;301
CO0133;5;4;9;12;20;B35;401
CO0133;6;3;9;12;14;B17;203
CO0133;9;5;6;9;20;B35;401
CO0146;10;1;18;21;10;B38;302
CO0135;10;4;15;18;14;B17;202
CO0133;10;1;9;12;14;B33;103
CO0133;11;5;18;21;14;B17;302
CO0135;11;1;9;12;14;B35;403
CO0133;12;4;6;9;14;B33;303
CO0133;13;1;15;18;20;B35;201
CO0135;13;1;15;18;14;B34;402
CO0135;14;2;9;12;17;B23;204
CO0133;14;2;6;9;18;B35;201
CO0135;16;4;9;12;14;B34;102
CO0135;18;2;9;12;14;B35;102
CO0135;26;3;9;12;14;B35;303
CO0135;29;1;18;21;20;B34;301
CO0333;30;4;15;18;14;B33;402
CO0135;31;2;15;18;20;B34;501
CO0333;31;2;9;12;14;B17;302
CO0135;32;3;18;21;14;B33;203
CO0135;33;4;9;12;14;B34;402
CO0333;34;3;9;12;20;B34;401
CO0134;41;1;18;21;10;B34;503
CO0141;41;4;15;18;10;B38;301
CO0223;41;2;15;18;8;B38;106
CO0221;41;1;18;21;4;B29;201
CO0231;41;2;12;15;2;B29;208
CO0127;41;1;9;12;14;B33;202
CO0144;41;1;15;18;14;B33;203
CO0234;41;2;16.5;18;8;B38;302
CO0234;41;2;15;16.5;8;B38;302
CO0142;41;4;18;21;7;B38;301
CO0220;41;4;6;9;10;B29;204
CO0224;41;4;15;18;3;B29;202
CO0132;41;2;18;21;10;B34;503
CO0126;41;5;9;12;10;B35;503
CO0183;41;3;18;21;10;B38;205
CO0232;41;2;6;9;10;B38;304
CO0143;41;2;12;13.5;11;B35;402
CO0143;41;4;12;13.5;11;B35;402
CO0128;41;3;9;12;10;B7;107
CO0148;41;4;9;12;11;B14;405
CO0140;41;1;9;12;8;B29;207
CO0139;41;1;18;21;7;B33;201
CO0125;41;3;9;12;10;B38;305
CO0147;41;4;6;9;6;B38;306
CO0230;41;2;16.5;18;10;B38;204
CO0230;41;2;15;16.5;10;B38;204
CO0150;41;4;18;21;6;B17;304
CO0184;41;3;6;9;9;B17;202
CO0149;43;4;12;15;9;B38;106
CO0135;50;4;12;15;14;B35;303
CO0217;51;4;18;21;20;B34;201
CO0135;52;2;6;9;14;B17;302
CO0217;53;1;18;21;14;B33;202
CO0135;54;1;9;12;14;B33;302
CO0217;54;2;18;21;12;B1;925
CO0135;55;1;12;15;14;B34;102
CO0135;56;3;6;9;14;B16;202
CS0068;1;5;12;14;12;B38;317
CS0068;1;3;12;14;8;B38;315
CS0057;1;1;6;9;4;B38;317
CS0211;1;1;6;10;7;B18;310
CS0224;1;4;12;15;10;B38;207
CS0223;1;2;9;12;10;B7;102
CS0253;1;4;12;15;10;B35;503
CS0230;1;5;12;14;14;B35;402
CS0070;1;3;10;12;12;B18;305
CS0070;1;5;10;12;12;B18;315
CS0239;1;2;12;15;12;B38;320
CS0025;1;5;10;12;12;B38;320
CS0025;1;3;10;12;12;B38;320
CS0213;1;2;6;10;12;B38;321
CS0234;1;5;12;15;7;B34;503
CS0058;1;4;10;12;14;B35;101
CS0058;1;2;10;12;14;B35;101
CS0092;1;4;12;15;10;B34;502
CS0240;1;3;6;9;14;B33;402
CS0212;1;4;6;10;10;B7;105
CS0091;1;1;9;12;12;B1;922
CS0237;1;4;6;9;12;B38;321
CS0227;1;2;12;15;14;B35;102
CS0217;1;4;6;8;8;B38;208
CS0217;1;2;6;8;8;B38;208
CS0235;1;4;13;15;8;B18;413
CS0235;1;2;13;15;8;B18;413
CS0214;1;3;15;19;12;B38;321
CS0056;1;3;18;20;14;B14;405
CS0056;1;1;18;20;12;B38;320
CS0067;1;2;6;9;8;B38;315
CS0218;1;4;9;11;8;B38;315
CS0218;1;2;9;11;8;B38;315
CS0231;1;4;9;12;12;B38;317
CS0233;1;2;9;12;12;B38;317
CS0236;1;2;15;18;6;B29;210
CS0216;1;1;18;20;8;B38;208
CS0216;1;3;18;20;8;B38;208
CS0256;1;6;9;12;10;B7;106
CS0225;1;3;15;17;10;B38;304
CS0238;1;5;8;12;8;B38;208
CS0229;1;4;6;8;14;B35;302
CS0229;1;2;6;8;14;B33;303
CS0094;1;2;16;18;10;B29;205
CS0094;1;4;16;18;14;B33;303
CS0251;1;2;15;18;14;B27;202
CS0232;1;3;7;9;12;B38;321
CS0232;1;1;7;9;12;B38;320
CS0057;2;3;9;12;12;B38;317
CS0232;2;1;12;14;12;B38;320
CS0232;2;3;12;14;12;B38;320
CS0230;2;4;16;18;14;B33;103
CS0070;2;5;15;17;8;B38;315
CS0070;2;3;15;17;12;B38;320
CS0067;2;2;6;9;12;B38;320
CS0058;2;3;12;14;14;B27;403
CS0058;2;1;12;14;14;B27;401
CS0092;2;2;12;15;10;B34;503
CS0253;2;5;12;15;10;B38;202
CS0091;2;1;15;18;14;B33;302
CS0094;2;4;16;18;14;B17;301
CS0094;2;2;16;18;9;B29;202
CS0237;2;3;6;9;12;B38;320
CS0241;2;1;6;9;13;B29;203
CS0923;2;3;6;9;10;B38;305
CS0217;2;3;14;18;8;B38;315
CS0056;2;3;15;17;14;B35;203
CS0056;2;1;15;17;12;B38;321
CS0095;2;2;6;9;14;B17;201
CS0218;2;2;12;14;8;B38;208
CS0218;2;4;12;14;8;B38;208
CS0233;2;3;18;21;12;B38;317
CS0231;2;5;9;12;12;B38;317
CS0068;2;3;12;14;12;B38;317
CS0068;2;1;12;14;8;B38;315
CS0216;2;3;8;10;8;B38;315
CS0216;2;1;8;10;8;B38;208
CS0235;2;2;16;18;12;B38;321
CS0235;2;4;16;18;8;B38;315
CS0238;2;1;8;12;8;B38;315
CS0239;2;4;12;15;12;B38;320
CS0251;2;4;15;18;14;B35;302
CS0061;2;1;9;12;10;B7;105
CS0057;3;2;15;18;12;B38;317
CS0229;3;4;7;9;14;B33;403
CS0229;3;2;7;9;20;B35;501
CS0029;3;3;15;17;14;B27;403
CS0047;3;3;9;12;5;B29;204
CS0095;3;2;12;15;14;B33;203
CS0045;3;2;15;18;8;B38;315
CS0233;3;5;18;21;12;B38;317
CS0067;3;2;9;12;12;B38;320
CS0068;3;4;18;20;12;B38;317
CS0068;3;2;18;20;12;B38;317
CS0237;3;6;9;12;8;B18;314
CS0046;3;5;12;15;14;B35;302
CS0232;3;2;18;20;12;B38;320
CS0232;3;4;18;20;8;B18;413
CS0025;3;4;12;14;12;B18;315
CS0025;3;2;12;14;12;B18;315
CS0092;3;2;12;15;10;B35;502
CS0056;3;4;18;20;10;B38;203
CS0056;3;2;18;20;12;B26;921
CS0238;3;3;12;14;8;B38;208
CS0238;3;5;12;14;8;B38;208
CS0094;3;1;18;20;10;B38;108
CS0094;3;3;18;20;14;B33;202
CS0239;3;4;18;21;8;B38;315
CS0070;3;3;15;17;8;B38;208
CS0070;3;5;15;17;8;B38;208
CS0061;3;5;9;12;10;B38;304
CS0040;3;2;6;9;8;B16;202
CS0057;4;5;6;9;11;B38;317
CS0239;4;5;15;18;12;B18;417
CS0070;4;6;8;12;12;B38;320
CS0068;4;1;15;19;12;B38;317
CS0235;4;3;10;12;7;B18;310
CS0235;4;1;10;12;7;B18;310
CS0233;4;1;9;12;12;B38;317
CS0094;4;4;6;8;10;B38;206
CS0094;4;2;6;8;10;B38;202
CS0067;4;1;12;15;12;B38;321
CS0067;5;2;18;21;8;B38;315
CS0045;5;1;18;21;12;B38;321
CS0233;5;4;15;18;12;B38;317
CS0233;6;4;6;9;12;B38;317
CS0067;6;4;6;9;12;B38;320
CS0231;6;3;15;18;12;B38;317
CS0233;7;5;15;18;12;B38;317
CS0067;7;1;15;18;8;B38;315
CS0045;7;4;15;18;12;B38;321
CS0067;8;4;18;21;12;B38;321
CS0233;8;4;12;15;12;B38;317
CS0045;8;5;12;15;12;B18;305
CS0045;9;4;9;12;12;B38;321
CS0067;9;1;18;21;8;B38;315
CS0233;9;2;6;9;12;B38;317
CS0067;10;5;9;12;12;B38;321
CS0233;10;6;9;12;12;B38;317
CS0231;10;2;12;15;12;B38;317
CS0067;11;5;12;15;12;B18;417
CS0233;11;1;12;15;12;B38;317
CS0233;12;3;6;9;12;B38;317
CS0067;12;6;9;12;12;B38;321
CS0067;13;6;9;12;7;B18;311
CS0220;20;5;15;18;14;B27;202
CS0220;21;1;15;18;10;B38;206
CS0220;22;5;9;12;10;B38;103
CS0219;112;5;10;14;8;B38;315
CS0219;113;1;10;14;8;B38;208
CT0245;81;1;9;11;13;B19;501
CT0245;81;1;15;17;13;B17;302
CT0246;81;2;10;12;15;B19;414
CT0246;81;2;15;17;9;B15;103
CT0479;81;5;9;12;9;B15;103
CT0240;81;5;9;11;9;B15;102
CT0240;81;1;15;17;11;B35;302
CT0232;81;2;16;18;20;B35;401
CT0232;81;6;7;9;9;B15;103
CT0248;81;2;6;9;12;B14;102
CT0233;81;3;7;9;9;B15;103
CT0233;81;5;7;9;9;B15;103
CT0648;81;3;18;20;14;B34;303
CT0241;81;3;16;18;4;B14;103
CT0241;81;1;6;8;12;B18;417
CT0647;81;1;16;18;14;B35;402
CT0247;81;3;7;9;10;B38;202
CT0247;81;1;7;9;25;B19;501
CT0257;81;1;12;15;9;B15;102
CT0650;81;2;10;12;10;B7;103
CT0249;81;4;9;12;12;B14;102
CT0272;81;2;15;18;20;B33;301
CT0646;81;3;15;17;9;B15;103
CT0256;81;3;15;17;12;B14;102
CT0256;81;1;15;17;12;B14;102
CT0254;81;1;7;9;9;B15;102
CT0254;81;3;7;9;9;B15;102
CT0255;81;4;7;9;9;B15;102
CT0255;81;2;7;9;9;B15;102
CT0258;81;6;9;12;12;B14;102
CT0310;81;1;15;18;17;B23;203
CT0245;82;1;9;11;27;B19;501
CT0245;82;3;9;11;12;B1;922
CT0241;82;3;18;20;4;B14;103
CT0241;82;1;6;8;10;B18;417
CT0240;82;1;15;17;13;B35;302
CT0240;82;1;17;19;9;B15;102
CT0272;82;3;6;9;12;B14;102
CT0248;82;5;6;9;14;B14;405
CT0247;82;1;7;9;24;B19;501
CT0247;82;3;15;17;14;B27;202
CT0257;82;2;12;15;9;B15;102
CT0249;82;5;9;12;12;B14;102
CT0246;82;4;15;17;9;B15;103
CT0246;82;2;10;12;19;B19;414
CT0233;82;2;9;11;9;B15;103
CT0233;82;4;9;11;9;B15;103
CT0232;82;6;9;11;9;B15;102
CT0232;82;2;16;18;15;B35;401
CT0256;82;4;15;17;12;B14;102
CT0256;82;2;15;17;12;B14;102
CT0254;82;1;9;11;9;B15;103
CT0254;82;3;9;11;9;B15;103
CT0255;82;2;9;11;9;B15;102
CT0255;82;4;9;11;9;B15;102
CT0310;82;2;15;18;14;B17;304
CT0241;83;4;16;18;4;B14;103
CT0241;83;2;6;8;12;B18;315
CT0272;83;1;18;21;12;B14;102
CT0240;83;1;15;17;13;B35;302
CT0310;83;4;15;18;20;B34;301
CT0241;84;4;18;20;4;B14;103
CT0241;84;2;6;8;12;B18;315
CT0240;84;3;9;11;9;B15;102
CT0240;84;1;15;17;12;B35;501
CT0246;84;2;17;19;9;B15;103
CT0246;84;2;10;12;13;B19;414
CT0240;85;1;15;17;12;B35;501
CT0240;85;3;7;9;4;B14;103
CT0246;85;4;17;19;9;B15;103
CT0246;85;2;10;12;13;B19;414
CT0310;85;3;12;15;10;B7;106
DE0156;1;1;6;9;44;B27;101
DE0221;1;1;18;21;17;B23;201
DE0160;1;4;6;9;18;B35;501
DE0120;1;4;9;12;14;B33;204
DE0075;1;2;7.5;9;10;B38;108
DE0075;1;4;7.5;9;10;B38;205
DE0078;1;1;7.5;9;14;B33;403
DE0078;1;3;7.5;9;14;B33;403
DE0069;1;4;6;8;14;B34;101
DE0069;1;2;6;8;10;B35;503
DE0084;1;1;15;18;14;B33;101
DE0226;1;2;18;21;14;B17;302
DE0163;1;2;6;9;10;B38;206
DE0084;2;5;6;9;20;B35;201
DE0120;2;2;6;9;14;B34;303
DE0226;2;4;18;21;20;B34;301
DE0123;2;3;9;12;14;B33;403
DE0119;2;3;6;9;14;B33;103
DE0221;2;2;12;15;10;B38;108
DE0120;3;3;18;21;14;B34;203
DE0221;3;1;12;15;14;B27;202
DE0119;3;4;6;9;20;B34;501
DE0084;3;4;18;21;14;B34;101
DE0084;4;4;18;21;14;B34;303
DE0221;4;2;6;9;20;B35;301
DE0120;4;2;18;21;14;B34;101
DE0119;4;2;6;9;14;B35;302
DE0120;5;2;12;15;14;B17;301
DE0119;5;2;6;9;20;B34;501
DE0084;5;3;15;18;14;B34;101
DE0119;6;4;6;9;14;B35;101
DE0120;6;4;15;18;14;B33;302
DE0084;6;2;9;12;14;B35;202
DE0119;7;4;6;9;14;B16;203
DE0120;7;2;15;18;14;B17;301
DE0084;7;2;12;15;14;B35;303
DE0084;8;4;12;15;14;B35;302
DE0119;8;3;12;15;14;B17;303
DE0084;9;4;18;21;14;B33;402
DE0119;9;2;18;21;14;B16;204
DE0119;10;4;18;21;14;B17;204
DE0084;10;2;18;21;14;B34;102
DE0084;11;3;18;21;14;B33;404
DE0119;11;5;6;9;14;B34;101
DE0119;12;4;15;18;20;B34;201
DE0084;12;1;6;9;14;B35;203
DE0084;13;2;18;21;14;B16;202
DE0084;14;5;6;9;20;B35;301
DE0084;15;3;12;15;14;B34;402
DE0084;16;4;12;15;20;B34;501
DE0084;17;1;12;15;14;B17;303
DE0084;18;1;9;12;14;B35;202
DE0084;19;1;18;21;14;B17;203
DE0084;20;2;12;15;14;B33;202
DE0084;21;1;15;18;17;B23;204
DE0129;21;3;15;18;14;B17;204
DE0084;22;1;12;15;14;B33;302
DE0084;23;5;12;15;14;B35;202
DE0084;24;3;15;18;14;B17;301
DE0131;200;3;10;12;14;B27;202
DE0131;200;1;10;12;14;B27;202
DE0133;200;2;6;7.5;14;B35;203
DE0133;200;4;6;7.5;14;B35;203
DE0013;200;1;15;18;14;B33;202
DE0140;200;1;6;8;26;B27;103
DE0138;200;1;9;12;14;B34;303
DE0132;200;5;10.5;12;14;B35;302
DE0132;200;3;10.5;12;20;B33;401
DE0086;200;3;9;12;20;B35;501
DE0137;200;2;9;12;14;B33;404
DE0126;200;5;6;9;14;B33;103
DE0142;200;4;9;12;12;B1;925
DE0152;200;5;6;9;14;B33;403
DE0130;200;2;15;18;14;B34;202
DE0146;200;2;10;12;15;B26;702
DE0215;200;1;12;15;14;B33;404
DE0143;200;1;15;18;14;B27;403
DE0011;200;5;6;7.5;33;B27;101
DE0011;200;3;6;7.5;33;B27;101
DE0145;200;4;7.5;9;10;B38;204
DE0145;200;2;7.5;9;10;B38;103
DE0150;200;1;12;14;30;B27;103
DE0124;200;2;9;12;14;B27;403
DE0086;201;2;9;12;14;B33;303
DE0144;201;4;10;12;14;B34;203
DE0127;201;4;15;18;14;B35;203
DE0141;201;5;9;12;14;B35;402
DE0135;201;2;12;15;14;B33;403
DE0138;201;2;15;18;10;B38;301
DE0215;201;2;18;21;20;B34;301
DE0079;201;4;6;9;5;B38;301
DE0137;201;2;12;15;20;B34;301
DE0055;201;1;18;21;12;B33;103
DE0142;201;3;9;12;13;B29;203
DE0130;201;2;9;12;10;B38;304
DE0133;201;4;6;7.5;14;B34;102
DE0133;201;2;6;7.5;14;B34;402
DE0012;201;5;9;12;20;B34;301
DE0143;201;3;15;18;14;B35;101
DE0126;201;4;12;15;14;B33;403
DE0125;201;5;9;12;14;B33;202
DE0140;201;3;7;9;14;B14;405
DE0149;201;5;6;8;14;B35;102
DE0130;202;1;15;18;14;B34;202
DE0013;202;3;9;12;14;B16;203
DE0135;202;1;12;15;14;B33;102
DE0141;202;4;12;15;14;B33;302
DE0138;202;3;15;18;14;B33;102
DE0136;202;3;6;8;20;B35;201
DE0136;202;1;6;8;14;B33;202
DE0011;202;4;6;7.5;36;B27;101
DE0011;202;2;6;7.5;36;B27;101
DE0152;202;4;18;21;14;B17;203
DE0125;202;5;9;12;14;B34;202
DE0087;202;1;12;15;14;B34;402
DE0146;202;2;12;14;14;B7;108
DE0215;202;3;12;15;14;B33;101
DE0137;202;1;15;18;14;B17;202
DE0142;202;2;6;7.5;14;B33;101
DE0142;202;4;6;7.5;14;B33;203
DE0012;202;2;12;15;14;B35;403
DE0121;202;3;18;21;14;B33;204
DE0124;203;3;7.5;9;10;B38;304
DE0124;203;1;7.5;9;10;B38;202
DE0144;203;3;10;12;27;B27;103
DE0132;203;3;9;12;20;B33;301
DE0014;203;2;18;21;15;B26;702
DE0131;203;3;12;14;14;B33;103
DE0136;203;4;15;17;14;B33;102
DE0136;203;2;15;17;14;B33;403
DE0131;203;1;12;14;14;B33;202
DE0152;203;1;18;21;14;B33;403
DE0126;203;1;18;21;17;B23;202
DE0125;203;3;12;13.5;14;B35;303
DE0125;203;1;12;13.5;14;B35;303
DE0130;203;5;9;12;10;B38;108
DE0086;203;2;9;12;14;B33;102
DE0127;203;4;15;18;10;B38;106
DE0145;203;2;7.5;9;15;B26;702
DE0145;203;4;7.5;9;14;B33;203
DE0121;203;1;18;21;14;B27;202
DE0014;204;3;15;18;17;B23;204
DE0127;204;4;9;12;14;B34;202
DE0131;204;3;9;11;14;B34;303
DE0131;204;1;9;11;14;B17;201
DE0013;204;1;12;15;20;B35;501
DE0086;204;4;15;18;14;B33;101
DE0124;204;3;13.5;15;14;B35;302
DE0124;204;1;13.5;15;14;B35;302
DE0127;205;1;6;9;14;B35;302
DE0149;205;1;18;20;14;B33;302
DE0085;205;3;12;15;14;B16;203
DE0087;205;4;12;13.5;13;B29;203
DE0087;205;2;12;13.5;13;B29;203
DE0134;205;1;9;12;10;B38;103
DE0087;206;4;7.5;9;13;B29;203
DE0087;206;2;7.5;9;14;B27;201
DE0014;206;3;18;19.5;23;B27;103
DE0014;206;1;18;19.5;23;B27;103
DE0128;206;2;18;19.5;18;B33;401
DE0128;206;2;7.5;9;14;B33;204
DE0134;206;1;15;18;14;B35;303
DE0085;206;1;9;12;14;B27;201
DE0128;207;3;6;9;14;B34;202
DE0087;207;4;7.5;9;14;B27;202
DE0087;207;2;7.5;9;14;B27;202
DE0147;207;1;9;11;14;B17;302
DE0014;207;2;7.5;9;14;B33;404
DE0014;207;4;7.5;9;14;B34;403
DE0147;208;3;6;8;14;B34;102
DE0139;208;1;12;13.5;20;B35;401
DE0139;208;3;12;13.5;14;B33;202
DE0087;208;4;12;13.5;28;B27;103
DE0087;208;2;12;13.5;28;B27;103
DE0085;208;1;9;12;14;B17;303
DE0025;208;2;6;7.5;14;B27;201
DE0025;208;4;6;7.5;14;B27;201
DE0123;208;2;12;15;20;B33;301
DE0128;208;2;6;7.5;14;B33;204
DE0128;208;4;6;7.5;14;B33;402
DE0123;209;4;18;19.5;14;B33;202
DE0123;209;2;18;19.5;14;B33;103
DE0139;209;3;13.5;15;14;B33;202
DE0139;209;1;13.5;15;20;B35;401
DE0025;209;3;18;21;14;B33;101
DE0085;209;3;12;15;14;B34;303
DE0129;209;5;12;15;14;B16;202
DE0139;210;5;12;15;14;B35;102
DE0025;210;5;15;18;14;B33;103
DE0129;210;2;12;15;14;B27;401
DE0025;211;3;6;7.5;14;B27;202
DE0025;211;1;6;7.5;14;B27;202
DE0025;212;4;9;12;20;B34;501
DF0127;1;1;10;12;8;B19;6
DF0127;1;2;13.5;15;8;B7;106
DF0127;1;4;13.5;15;8;B7;106
DF0049;1;3;10;12;7;B19;6
DF0049;1;2;10.5;12;6;B38;405
DF0049;1;4;7.5;9;6;B38;405
DF0040;1;2;9;12;10;B7;105
DF0040;1;4;7;9;9;B19;6
DF0239;1;3;15;18;11;B35;501
DF0239;1;2;14;16;6;B13;305
DF0238;1;5;9;12;10;B29;204
DF0290;1;1;15;18;4;B29;207
DF0018;1;5;10;12;9;B19;6
DF0018;1;3;9;10.5;10;B34;502
DF0018;1;3;10.5;12;10;B34;502
DF0447;1;3;9;12;7;B7;101
DF0039;1;4;9;12;10;B7;101
DF0039;1;5;10;12;10;B38;202
DF0037;1;3;18;21;5;B38;103
DF0236;1;3;6;8;6;B19;2
DF0236;1;3;9;12;10;B38;203
DF0121;1;2;15;18;10;B38;107
DF0123;1;4;10;12;7;B19;7
DF0123;1;3;15;18;8;B38;108
DF0038;1;1;15;18;7;B38;304
DF0038;1;3;8;10;7;B19;7
DF0291;1;2;15;18;1;B34;203
DF0125;1;3;9;12;2;B29;209
DF0316;1;3;13.5;15;4;B38;107
DF0316;1;5;7.5;9;4;B38;203
DF0025;1;1;7.5;9;10;B7;102
DF0025;1;3;15;16.5;10;B7;102
DF0239;2;2;16;18;6;B13;305
DF0239;2;3;15;18;13;B35;501
DF0238;2;4;18;21;14;B33;101
DF0236;2;3;9;12;10;B38;203
DF0236;2;5;6;8;6;B19;2
DF0238;3;2;9;12;10;B7;101
DF0239;3;5;14;16;6;B13;305
DF0239;3;4;15;18;14;B17;304
DF0236;3;2;15;18;12;B1;922
DF0236;3;5;8;10;6;B19;2
DF0239;4;1;16;18;6;B13;305
DF0239;4;4;15;18;9;B17;304
DF0236;4;5;10;12;6;B19;2
DF0236;4;2;15;18;10;B1;922
DF0236;5;2;8;10;6;B19;2
DF0236;5;4;9;12;10;B17;304
DF0236;6;4;9;12;11;B17;304
DF0236;6;2;10;12;6;B19;2
DF0239;7;5;7.5;9;9;B33;402
DF0239;7;3;14;16;6;B13;305
DF0239;7;3;7.5;9;9;B35;302
DF0239;8;5;7.5;9;13;B35;302
DF0239;8;3;7.5;9;13;B35;302
DF0239;8;3;16;18;6;B13;305
DF0239;9;2;6;8;6;B13;305
DF0239;9;5;6;9;14;B34;203
DF0236;9;2;9;12;13;B17;203
DF0236;9;4;8;10;6;B19;2
DF0239;10;4;6;8;6;B13;305
DF0239;10;5;6;9;14;B34;203
DF0236;10;2;9;12;11;B17;203
DF0236;10;4;10;12;6;B19;2
DF0239;13;4;14;16;6;B13;305
DF0239;13;2;15;18;13;B35;501
DF0239;14;4;16;18;6;B13;305
DF0239;14;2;15;18;15;B35;501
DF0239;15;5;8;10;6;B13;305
DF0239;15;3;9;12;11;B35;102
DF0239;16;3;9;12;14;B35;102
DF0239;16;5;10;12;6;B13;305
DF0236;17;3;8;10;6;B19;2
DF0236;17;5;9;12;13;B33;203
DF0236;18;3;10;12;6;B19;2
DF0236;18;5;9;12;11;B33;203
DF0236;19;3;9;12;14;B17;202
DF0236;19;4;14;16;6;B19;2
DF0236;20;4;16;18;6;B19;2
DF0236;20;3;9;12;11;B17;202
DF0239;23;4;15;18;13;B34;303
DF0239;23;2;8;10;6;B13;305
DF0239;24;4;15;18;13;B34;303
DF0239;24;2;10;12;6;B13;305
DF0239;25;2;15;18;13;B17;203
DF0239;25;3;8;10;6;B13;305
DF0239;26;2;15;18;14;B17;203
DF0239;26;3;12;14;6;B13;305
DF0239;29;1;9;12;13;B35;401
DF0239;29;2;12;14;6;B13;305
DF0239;30;1;9;12;6;B35;401
DF0239;30;4;12;14;6;B13;305
DF0448;100;2;16;18;7;B38;304
DF0019;113;2;15;16.5;2;B38;108
DF0019;113;4;15;17;2;B38;304
DF0019;113;2;16.5;18;2;B38;108
DF0281;113;1;12;13.5;10;B38;301
DF0460;153;4;7.5;9;10;B35;502
DF0460;153;2;7.5;9;12;B17;301
DF0460;154;4;7.5;9;10;B35;502
DF0460;154;2;7.5;9;12;B17;301
DF0236;238;4;13.5;15;14;B35;203
DF0236;238;2;13.5;15;14;B35;202
DF0236;238;5;14;16;6;B19;2
DF0236;239;4;13.5;15;14;B35;203
DF0236;239;2;13.5;15;14;B35;202
DF0236;239;5;16;18;6;B19;2
DF0236;240;5;12;15;14;B35;101
DF0236;240;3;14;16;6;B19;2
DF0236;241;5;12;15;13;B35;101
DF0236;241;3;16;18;6;B19;2
DF0236;244;4;6;8;6;B19;2
DF0236;244;2;9;12;10;B33;402
DF0236;245;4;12;14;6;B19;2
DF0236;245;2;9;12;12;B33;402
DF0236;246;1;18;20;6;B19;2
DF0236;246;2;9;12;10;B38;301
DF0236;247;1;16;18;6;B19;2
DF0236;247;2;9;12;10;B38;301
DF0236;248;2;6;8;6;B19;2
DF0236;248;5;6;9;10;B38;301
EC0086;1;4;9;12;10;B38;306
EC0307;1;1;9;10.5;6;B18;409
EC0307;1;3;9;10.5;6;B29;208
EC0244;1;2;9;12;14;B34;303
EC0246;1;2;9;10.5;14;B17;202
EC0246;1;4;9;10.5;14;B17;201
EC0159;1;2;16;18;14;B33;202
EC0272;1;2;12;15;10;B38;105
EC0113;1;1;13.5;15;14;B34;202
EC0113;1;3;13.5;15;14;B34;202
EC0306;1;1;18;19.5;9;B38;202
EC0271;1;2;9;12;10;B38;305
EC0243;1;4;15;18;14;B34;302
EC0235;1;3;7.5;9;14;B17;302
EC0235;1;1;7.5;9;14;B17;302
EC0009;1;5;15;18;14;B27;401
EC0266;1;1;10;12;17;B23;201
EC0311;1;2;13.5;15;9;B38;202
EC0311;1;1;13.5;15;9;B38;202
EC0310;1;1;6;9;6;B29;208
EC0275;1;1;9;12;9;B29;202
EC0260;1;1;15;18;14;B27;401
EC0102;1;3;15;18;14;B35;403
EC0200;1;4;15;18;14;B14;405
EC0200;1;2;15;18;14;B34;101
EC0216;1;4;13.5;15;14;B35;402
EC0216;1;2;13.5;15;14;B35;402
EC0101;1;4;12;15;14;B35;102
EC0103;1;3;12;15;20;B35;401
EC0255;1;3;6;9;10;B35;503
EC0319;1;4;18;21;17;B23;204
EC0112;1;4;13.5;15;20;B35;201
EC0112;1;2;13.5;15;20;B35;201
EC0314;1;1;15;18;5;B29;208
EC0246;2;4;7.5;9;10;B38;103
EC0246;2;2;7.5;9;10;B38;203
EC0244;2;2;9;12;10;B35;503
EC0112;2;1;9;10.5;20;B34;501
EC0112;2;3;9;10.5;20;B33;401
EC0245;2;1;10.5;12;10;B38;203
EC0245;2;3;10.5;12;10;B38;204
EC0260;2;4;9;12;20;B34;301
EC0101;2;3;9;12;14;B34;403
EC0262;2;4;9;12;14;B35;303
EC0159;2;2;18;20;14;B34;303
EC0235;2;3;9;12;14;B33;302
EC0102;2;5;6;9;20;B34;401
EC0255;2;1;12;15;10;B29;205
EC0103;2;2;18;21;14;B34;302
EC0009;2;4;12;15;14;B35;202
EC0251;3;2;16.5;18;10;B38;105
EC0251;3;2;15;16.5;8;B18;413
EC0159;3;3;16;18;14;B33;203
EC0113;3;2;6;9;14;B35;202
EC0235;3;1;18;21;14;B33;102
EC0266;3;4;10;12;10;B29;204
EC0101;3;1;9;12;14;B33;403
EC0103;3;2;12;15;14;B33;402
EC0243;3;5;12;15;14;B27;401
EC0222;3;2;10.5;12;14;B17;202
EC0222;3;4;10.5;12;14;B17;201
EC0245;3;2;7.5;9;10;B38;207
EC0245;3;4;7.5;9;10;B38;304
EC0102;4;3;6;9;14;B33;303
EC0243;4;2;12;15;14;B17;304
EC0103;4;4;9;12;14;B17;202
EC0240;4;2;9;10.5;20;B33;201
EC0240;4;4;9;10.5;20;B34;401
EC0101;4;5;6;9;14;B33;203
EC0101;5;5;15;18;14;B17;302
EC0102;5;1;15;18;14;B35;202
EC0103;5;1;12;15;14;B17;304
EC0243;5;5;9;12;20;B33;201
EC0235;5;4;9;12;14;B35;302
EC0103;6;1;18;21;14;B17;301
EC0235;6;2;9;12;14;B34;302
EC0102;6;2;7.5;9;14;B34;402
EC0102;6;4;7.5;9;14;B34;102
EC0101;6;3;9;12;14;B34;302
EC0243;7;1;9;12;14;B34;402
EC0235;7;4;12;15;14;B17;301
EC0102;7;3;15;18;14;B33;303
EC0103;7;5;6;9;14;B34;403
EC0101;7;4;9;12;14;B7;108
EC0243;8;2;9;12;20;B33;301
EC0102;8;2;15;18;14;B35;403
EC0103;8;3;12;15;20;B33;201
EC0101;8;3;18;21;14;B33;402
EC0235;8;1;12;15;14;B33;203
EC0102;9;3;15;18;14;B34;102
EC0243;9;2;15;18;14;B16;204
EC0103;9;5;12;15;20;B33;401
EC0101;9;2;12;15;14;B34;402
EC0243;10;4;9;12;14;B16;204
EC0103;10;2;15;18;14;B33;103
EC0102;10;3;7.5;9;14;B34;101
EC0102;10;1;7.5;9;14;B34;302
EC0101;10;3;6;9;20;B34;501
EC0243;11;4;15;18;14;B17;201
EC0301;11;4;6;7.5;10;B34;502
EC0301;11;4;7.5;9;10;B34;502
EC0101;11;5;12;15;14;B34;302
EC0103;11;4;18;21;14;B17;201
EC0102;12;4;13.5;15;14;B17;303
EC0102;12;2;13.5;15;14;B17;303
EC0101;12;2;15;18;14;B33;303
EC0243;12;3;18;21;20;B33;401
EC0243;13;1;15;18;20;B33;401
EC0102;13;2;9;12;14;B35;302
EC0101;13;1;15;18;14;B16;204
EC0243;14;1;18;21;14;B34;303
EC0102;14;4;12;15;14;B16;202
EC0215;21;1;9;12;14;B34;101
EC0262;21;2;15;18;14;B34;302
EC0285;21;2;12;13.5;20;B35;401
EC0285;21;4;12;13.5;20;B35;401
EC0221;21;3;9;10.5;14;B34;102
EC0221;21;1;9;10.5;20;B35;501
EC0276;21;1;12;15;1;B38;111
EC0258;21;1;15;18;13;B29;203
EC0250;22;2;15;16.5;19;B35;201
EC0250;22;3;7.5;9;8;B18;413
EC0215;22;3;9;12;14;B33;202
EC0258;22;3;9;12;18;B34;201
EC0250;25;2;16.5;18;8;B18;413
EC0250;25;2;15;16.5;18;B35;201
EC0250;26;3;15;16.5;8;B18;413
EC0250;26;2;15;16.5;11;B35;201
FI0232;1;2;9;12;12;B27;304
FI0163;1;1;12;15;7;B18;311
FI0140;1;2;9;12;12;B1;923
FI0160;1;3;18;21;7;B38;204
FI0241;1;2;9;12;4;B29;202
FI0231;1;3;12;15;14;B17;302
FI0216;1;4;9;12;7;B18;310
FI0162;1;1;9;12;14;B34;301
FI0161;1;3;9;12;10;B7;106
FI0165;1;1;9;12;10;B38;106
FI0166;1;2;12;15;7;B38;106
FI0167;1;4;15;16.5;6;B18;307
FI0167;1;2;15;16.5;6;B18;307
FI0169;1;3;18;21;10;B38;203
FI0164;1;4;6;7.5;10;B38;107
FI0164;1;2;6;7.5;10;B38;107
FI0242;1;5;9;12;12;B18;305
FI0239;1;1;15;18;14;B16;203
FI0168;1;3;6;9;10;B27;201
FI0232;2;1;9;12;10;B38;105
FI0216;2;1;6;9;7;B18;311
FI0239;2;5;6;9;10;B38;106
FI0139;2;4;7.5;9;14;B17;202
FI0139;2;2;7.5;9;14;B17;202
FI0168;2;3;6;9;10;B38;103
FI0140;2;1;6;9;12;B27;302
FI0216;3;5;9;12;8;B18;412
FI0140;3;3;6;9;12;B27;302
FI0140;4;4;15;18;12;B27;303
FI0139;4;3;18;21;20;B33;201
FI0140;5;1;12;15;12;B18;305
FI0140;6;3;9;12;12;B27;303
FI0139;6;3;6;7.5;14;B34;303
FI0139;6;1;6;7.5;14;B34;303
FI0140;7;4;12;15;12;B18;417
FI0139;7;3;9;12;14;B27;201
FI0140;8;2;15;18;12;B26;921
FI0139;8;1;12;15;13;B35;403
FI0140;9;1;6;9;14;B34;203
FI0140;10;2;15;18;12;B38;320
FI0139;10;3;18;21;12;B1;925
FI0159;10;5;15;18;8;B18;413
FI0139;11;5;6;9;14;B17;202
FI0140;11;2;15;18;10;B34;502
FI0159;11;3;13.5;15;12;B27;303
FI0159;11;1;13.5;15;12;B27;303
FI0140;12;1;12;15;12;B27;302
FI0159;12;4;7.5;9;12;B18;417
FI0159;12;2;7.5;9;12;B18;417
FI0159;13;4;12;15;12;B18;305
FI0131;20;1;12;15;14;B33;303
FI0156;21;2;15;18;8;B18;314
FI0116;21;2;13.5;15;14;B34;202
FI0116;21;4;13.5;15;14;B34;202
FI0224;21;2;9;12;20;B34;301
FI0035;21;1;12;13.5;12;B18;417
FI0035;21;3;12;13.5;12;B18;315
FI0155;21;4;9;12;7;B18;311
FI0157;21;1;15;18;12;B18;315
FI0131;21;3;6;7.5;14;B33;302
FI0131;21;1;6;7.5;14;B33;302
FI0155;22;3;9;12;7;B18;311
FI0035;22;1;15;18;8;B18;413
FI0131;22;2;9;12;14;B27;201
FI0156;22;2;9;12;7;B18;311
FI0157;22;3;9;12;12;B27;302
FI0131;23;2;6;7.5;14;B33;403
FI0131;23;4;6;7.5;14;B34;403
FI0155;23;2;9;12;8;B18;412
FI0158;23;2;15;18;12;B27;302
FI0116;23;4;12;13.5;14;B34;102
FI0116;23;2;12;13.5;14;B34;102
FI0224;23;1;9;12;14;B16;203
FI0156;23;4;15;18;7;B18;311
FI0157;23;1;9;12;12;B38;321
FI0035;23;2;12;15;8;B18;314
FI0131;24;1;15;18;14;B17;204
FI0224;24;4;15;18;10;B38;305
FI0155;24;3;9;12;12;B18;315
FI0116;24;1;6;7.5;6;B18;405
FI0116;24;3;6;7.5;6;B18;405
FI0158;24;1;9;12;12;B38;320
FI0158;25;4;15;18;12;B38;320
FI0131;25;2;12;15;14;B16;202
FI0157;25;3;9;12;12;B38;321
FI0116;25;4;12;15;14;B33;402
FI0224;25;1;15;18;14;B34;403
FI0156;25;4;9;12;12;B27;303
FI0116;26;4;6;7.5;14;B34;202
FI0116;26;2;6;7.5;14;B34;202
FI0224;26;4;9;12;12;B27;302
FI0131;26;1;6;7.5;14;B35;202
FI0131;26;3;6;7.5;14;B35;202
FI0158;26;2;15;18;7;B18;311
FI0116;27;1;12;13.5;14;B34;202
FI0116;27;3;12;13.5;14;B34;202
FI0131;27;1;9;12;14;B35;101
FI0116;28;4;6;9;12;B27;303
FI0131;28;2;18;21;17;B23;204
FI0131;29;3;15;18;14;B17;202
FI0116;29;2;6;9;12;B27;303
FI0116;30;2;18;21;17;B23;202
FI0116;31;4;18;21;12;B1;925
FI0131;31;4;7.5;9;14;B34;202
FI0131;31;2;7.5;9;14;B34;202
FI0116;32;4;12;13.5;14;B34;202
FI0116;32;2;12;13.5;14;B34;202
FI0116;33;1;12;15;14;B34;101
FI0116;34;4;6;9;14;B33;102
FI0116;35;2;9;12;12;B27;303
FI0116;36;1;15;18;14;B34;101
FI0116;37;2;18;19.5;10;B38;207
FI0116;37;4;18;19.5;10;B38;302
FI0116;38;3;12;13.5;12;B27;303
FI0116;38;1;12;13.5;12;B27;303
FI0116;39;4;9;12;14;B33;202
FI0240;41;1;12;13.5;12;B18;205
FI0240;41;3;12;13.5;12;B27;302
FI0170;199;2;9;12;10;B29;204
FI0170;200;4;9;12;10;B38;304
GP0065;1;3;15;18;9;B29;202
GP0078;1;4;15;18;2;B17;203
GP0013;1;5;9;12;4;B38;205
GP0059;1;2;15;18;8;B29;207
GP0074;1;2;12;15;4;B29;210
GP0056;1;3;15;18;14;B33;402
GP0055;1;5;15;18;14;B17;204
GP0070;1;4;9;12;10;B38;207
GP0021;1;5;15;17;10;B38;103
GP0021;1;3;15;17;10;B38;103
GP0031;1;3;15;18;14;B33;204
GP0051;1;4;15;18;10;B34;502
GP0030;1;3;9;10.5;60;B38;110
GP0030;1;1;9;10.5;60;B38;110
GP0038;1;2;18;21;14;B33;203
GP0062;1;2;6;9;14;B17;204
GP0050;1;2;9;10.5;14;B35;402
GP0050;1;4;9;10.5;10;B7;107
GP0060;1;4;6;9;14;B16;202
GP0071;1;1;15;18;5;B29;210
GP0069;1;4;16;18;14;B34;202
GP0052;1;3;16.5;18;10;B34;502
GP0023;1;1;9;12;14;B34;202
GP0052;1;3;15;16.5;10;B34;502
GP0067;1;3;7;9;14;B34;302
GP0077;1;1;18;21;17;B23;204
GP0061;1;4;10.5;12;14;B33;102
GP0061;1;2;10.5;12;20;B33;201
GP0066;1;4;9;12;14;B34;101
GP0063;1;4;9;12;10;B34;503
GP0022;1;5;9;12;13;B29;203
GP0024;1;2;18;20;10;B38;105
GP0064;1;5;9;12;10;B34;503
GP0054;1;2;9;12;8;B29;207
GP0026;1;5;9;12;9;B29;205
GP0025;2;4;16;18;4;B1;911
GP0025;2;2;16;18;4;B1;911
GP0009;2;2;9;12;14;B34;102
GP0053;2;2;15;16.5;10;B35;502
GP0053;2;4;15;16.5;10;B35;503
GP0036;2;1;15;18;10;B38;204
GP0031;2;1;9;12;20;B34;401
GP0038;2;5;6;9;14;B33;202
GP0019;2;2;12;13.5;20;B35;201
GP0019;2;4;12;13.5;20;B35;201
GP0057;2;5;15;16.5;8;B38;106
GP0057;2;3;15;16.5;8;B35;502
GP0023;2;2;6;9;10;B7;101
GP0039;2;4;6;9;14;B17;304
GP0030;2;4;19.5;21;14;B33;202
GP0030;2;2;19.5;21;14;B33;202
GP0037;2;5;9;12;14;B33;403
GP0058;2;1;15;18;10;B38;203
GP0009;3;1;9;12;10;B7;107
GP0037;3;1;18;21;20;B33;401
GP0039;3;1;15;18;20;B34;501
GP0031;3;1;15;18;14;B35;403
GP0009;4;1;15;18;14;B34;203
GP0039;4;2;15;18;20;B34;201
GP0009;5;2;9;12;10;B38;103
GP0038;6;4;6;9;20;B33;201
GP0039;6;1;12;15;20;B34;201
GP0039;7;3;6;9;20;B35;401
GP0038;7;1;9;12;20;B33;301
GP0039;8;3;12;15;14;B34;203
GP0039;9;4;12;15;14;B17;304
GP0039;11;3;18;21;14;B16;204
GP0039;13;3;12;15;13;B29;203
GP0039;14;5;12;15;14;B27;403
GP0039;15;5;9;12;14;B34;102
GP0039;16;4;12;15;20;B33;201
GP0039;17;2;18;21;14;B17;203
GP0039;18;1;6;9;14;B16;202
GP0039;19;4;18;21;20;B34;401
GP0039;20;3;18;21;14;B17;302
GP0039;21;3;15;18;14;B34;302
GP0039;22;2;15;18;17;B23;201
GP0039;24;5;6;9;13;B29;203
HL0358;1;2;9;12;17;B23;203
HL0595;1;2;12;15;14;B17;203
HL0591;1;3;15;18;20;B34;401
HL0322;1;2;15;18;4;B38;206
HL0323;1;3;15;18;4;B38;207
HL0324;1;4;15;18;5;B38;108
HL0174;1;3;12;15;10;B38;301
HL0554;1;2;18;21;9;B38;301
HL0558;1;2;15;18;13;B27;403
HL0555;1;2;15;18;14;B17;302
HL0356;1;2;9;12;14;B33;403
HL0355;1;1;15;18;14;B27;202
HL0357;1;5;15;18;14;B27;403
HL0552;1;1;9;12;12;B1;923
HL0551;1;5;9;12;12;B1;923
HL0593;1;4;15;18;20;B35;401
HL0317;2;2;9;12;9;B1;925
HL0319;2;5;9;12;10;B38;204
HL0591;2;1;9;12;20;B33;401
HL0318;2;3;15;18;10;B38;105
HL0555;2;2;12;15;14;B34;403
HL0354;2;4;12;15;14;B34;203
HL0357;2;3;12;15;14;B35;203
HL0320;2;4;15;18;10;B38;103
HL0356;2;5;9;12;14;B33;101
HL0316;2;4;9;12;6;B29;208
HL0593;3;5;6;9;20;B33;301
HL0358;3;4;9;12;14;B34;303
HL0591;3;5;9;12;20;B34;501
HL0325;3;5;9;12;4;B29;207
HL0315;3;4;9;12;6;B18;409
HL0312;3;3;9;12;9;B38;205
HL0555;3;4;15;18;20;B34;401
HL0311;3;3;15;18;10;B38;203
HL0313;3;2;15;16.5;10;B38;203
HL0313;3;4;15;16.5;10;B38;203
HL0356;3;5;6;9;10;B38;204
HL0314;3;5;9;12;1;B38;111
HL0321;3;3;9;12;1;B38;111
HL0329;4;4;15;18;9;B38;107
HL0328;4;3;15;18;9;B27;304
HL0555;4;4;12;15;20;B35;301
HL0327;4;2;15;18;7;B38;205
HL0355;4;5;9;12;14;B33;102
HL0326;4;3;18;21;9;B38;106
HL0330;4;4;9;12;9;B27;304
HL0591;4;1;15;18;14;B17;303
HL0593;4;3;12;15;14;B34;101
HL0550;5;4;12;15;20;B34;401
HL0593;5;4;12;15;14;B34;302
HL0354;5;2;15;18;14;B35;203
HL0591;5;1;6;9;20;B35;301
HL0555;5;3;12;15;14;B17;203
HL0355;5;1;9;12;14;B33;203
HL0550;6;4;15;18;20;B35;201
HL0593;6;3;15;18;20;B34;301
HL0555;6;3;12;15;14;B33;204
HL0555;7;1;12;15;14;B34;203
HL0555;8;1;9;12;20;B35;201
HL0555;9;5;6;9;14;B33;404
HL0555;10;5;12;15;14;B27;202
HL0555;11;1;6;9;14;B34;101
HL0591;12;3;12;15;14;B34;102
HL0555;12;5;9;12;14;B17;204
HL0555;13;3;15;18;20;B34;501
HL0591;13;5;15;18;14;B17;202
HL0555;14;3;9;12;14;B16;202
HL0555;15;5;12;15;14;B35;403
HL0555;16;4;12;15;14;B27;202
HL0591;16;1;9;12;14;B33;102
HL0555;17;1;15;18;14;B17;301
HL0591;18;1;18;21;14;B33;101
HL0591;19;2;12;15;14;B33;303
HL0591;21;2;15;18;14;B34;402
HL0591;22;2;15;18;14;B27;401
HL0591;24;1;6;9;10;B38;302
HL0591;27;4;12;15;14;B34;402
HL0591;28;4;15;18;14;B34;402
HL0591;29;4;12;15;14;B17;204
HL0235;153;5;16;18;13;B16;203
IC0288;13;2;10;12;6;B19;110
IC0265;60;3;7.5;9;7;B38;110
IC0265;60;3;6;7.5;7;B38;110
IC0273;60;6;9;12;14;B16;204
IC0274;60;3;8;10;3;B19;304
IC0274;60;2;9;12;11;B34;401
IC0280;60;1;15;18;5;B35;203
IC0280;60;3;16;18;5;B19;110
IC0276;60;1;9;12;14;B33;402
IC0279;60;2;8;10;6;B19;110
IC0279;60;4;6;9;11;B33;404
IC0290;61;1;14;16;10;B29;204
IC0273;61;3;18;21;14;B34;302
IC0260;61;1;6;8;20;B34;301
IC0274;61;5;18;20;3;B19;304
IC0274;61;2;9;12;8;B34;401
IC0266;61;5;12;15;5;B33;403
IC0266;61;1;12;14;5;B19;101
IC0280;61;1;15;18;8;B35;203
IC0280;61;2;14;16;6;B19;110
IC0268;61;5;6;9;14;B27;401
IC0264;61;2;9;12;18;B33;401
IC0275;61;2;9;12;20;B35;301
IC0283;61;3;6;9;10;B7;104
IC0262;61;4;18;21;7;B18;311
IC0271;61;4;15;18;3;B26;702
IC0271;61;3;8;10;3;B19;101
IC0293;61;1;18;21;14;B16;203
IC0292;61;1;9;12;10;B38;108
IC0265;61;3;7.5;9;7;B38;101
IC0265;61;3;6;7.5;7;B38;110
IC0265;61;4;6;8;3;B19;304
IC0291;61;3;12;15;12;B18;417
IC0279;61;4;6;9;12;B33;404
IC0279;61;2;10;12;12;B35;303
IC0272;61;2;18;21;15;B34;401
IC0270;61;5;10;12;3;B19;304
IC0270;61;3;9;12;9;B35;301
IC0290;62;3;10;12;6;B19;110
IC0281;62;4;15;18;14;B16;204
IC0280;62;2;6;8;4;B19;110
IC0280;62;1;15;18;4;B35;203
IC0285;62;1;12;13;36;B19;414
IC0285;62;1;13;14;36;B19;414
IC0285;62;1;14;15;36;B19;414
IC0266;62;2;14;16;4;B19;101
IC0266;62;5;12;15;4;B33;403
IC0268;62;1;6;9;14;B34;403
IC0272;62;2;18;21;7;B34;401
IC0264;62;2;9;12;17;B33;401
IC0275;62;4;6;9;20;B33;301
IC0283;62;4;6;9;8;B29;207
IC0282;62;4;9;12;20;B35;201
IC0271;62;4;15;18;8;B26;702
IC0271;62;3;10;12;6;B19;101
IC0293;62;4;18;21;14;B16;203
IC0274;62;2;9;12;11;B34;401
IC0274;62;1;16;18;3;B19;304
IC0292;62;2;9;12;14;B7;108
IC0265;62;3;6;7.5;8;B38;110
IC0265;62;3;7.5;9;8;B38;110
IC0265;62;2;6;8;3;B19;304
IC0276;62;3;9;12;14;B27;403
IC0291;62;1;9;12;12;B18;417
IC0267;62;3;15;18;14;B35;303
IC0262;62;3;6;9;8;B18;314
IC0270;62;4;12;14;3;B19;304
IC0270;62;3;9;12;9;B35;301
IC0281;63;4;18;21;14;B34;402
IC0272;63;2;18;21;14;B33;404
IC0290;63;4;10;12;6;B19;110
IC0270;63;3;9;12;8;B35;301
IC0270;63;5;12;14;3;B19;304
IC0268;63;1;6;9;14;B33;102
IC0264;63;3;9;12;14;B33;102
IC0280;63;1;15;18;5;B35;203
IC0280;63;5;6;8;5;B19;110
IC0267;63;4;15;18;14;B34;403
IC0293;63;5;18;21;14;B16;203
IC0283;63;4;6;9;10;B38;203
IC0271;63;4;15;18;6;B26;702
IC0271;63;3;6;8;6;B19;101
IC0274;63;4;16;18;3;B19;304
IC0274;63;2;9;12;11;B34;401
IC0265;63;5;6;8;3;B19;304
IC0265;63;3;7.5;9;8;B38;110
IC0265;63;3;6;7.5;8;B38;110
IC0285;63;1;14;15;36;B19;415
IC0285;63;1;12;13;36;B19;415
IC0285;63;1;13;14;36;B19;415
IC0262;63;2;6;9;7;B18;310
IC0277;63;6;6;9;14;B16;204
IC0280;64;2;16;18;6;B19;110
IC0290;64;2;12;14;14;B34;303
IC0280;64;1;9;12;8;B34;403
IC0276;64;2;18;21;10;B38;103
IC0265;64;2;18;20;3;B19;304
IC0265;64;3;6;7.5;8;B38;110
IC0265;64;3;7.5;9;8;B38;110
IC0279;64;5;15;17;6;B19;110
IC0279;64;1;12;15;11;B27;403
IC0266;64;3;15;18;5;B27;201
IC0266;64;4;12;14;5;B19;101
IC0277;64;3;6;9;14;B16;204
IC0281;64;5;6;9;14;B17;204
IC0288;64;1;18;20;6;B19;110
IC0268;64;5;18;21;14;B17;304
IC0274;64;4;9;12;10;B33;201
IC0274;64;3;6;8;3;B19;304
IC0292;64;2;6;9;10;B38;302
IC0262;64;1;18;21;8;B18;413
IC0272;64;2;18;21;14;B33;404
IC0291;64;1;12;15;12;B18;315
IC0267;64;4;6;9;14;B33;202
IC0270;64;2;12;14;3;B19;304
IC0270;64;4;15;18;9;B33;201
IC0266;65;3;15;18;5;B27;201
IC0266;65;1;6;8;5;B19;101
IC0290;65;5;10;12;6;B19;110
IC0280;65;3;18;20;6;B19;110
IC0280;65;1;9;12;7;B34;403
IC0274;65;4;9;12;11;B33;201
IC0274;65;1;12;14;3;B19;304
IC0272;65;2;6;9;14;B33;102
IC0288;65;1;16;18;6;B19;110
IC0282;65;3;9;12;10;B7;105
IC0291;65;3;15;18;8;B18;412
IC0292;65;1;6;9;10;B35;503
IC0265;65;3;7.5;9;7;B38;110
IC0265;65;3;18;20;3;B19;304
IC0265;65;3;6;7.5;7;B38;110
IC0267;65;2;6;9;14;B33;302
IC0273;65;5;6;9;14;B16;204
IC0266;66;5;14;16;6;B19;101
IC0266;66;3;15;18;8;B27;201
IC0290;66;3;14;16;10;B38;204
IC0265;66;5;14;16;3;B19;304
IC0265;66;3;7.5;9;9;B38;110
IC0265;66;3;6;7.5;9;B38;110
IC0270;66;4;15;18;9;B33;201
IC0270;66;3;10;12;3;B19;304
IC0267;66;2;6;9;14;B33;202
IC0291;66;3;12;15;7;B18;310
IC0274;66;4;9;12;11;B33;201
IC0274;66;3;14;16;3;B19;304
IC0292;66;1;9;12;14;B35;203
IC0288;66;4;8;10;6;B19;110
IC0272;66;2;6;9;14;B33;102
IC0265;67;2;14;16;3;B19;304
IC0265;67;3;7.5;9;8;B38;110
IC0265;67;3;6;7.5;8;B38;110
IC0274;67;1;14;16;3;B19;304
IC0274;67;4;9;12;11;B33;201
IC0266;67;1;15;18;6;B35;401
IC0280;67;1;9;12;8;B34;403
IC0280;67;3;14;16;6;B19;110
IC0290;67;1;14;16;10;B34;503
IC0271;67;5;9;12;9;B34;201
IC0271;67;2;18;20;6;B19;101
IC0262;67;2;18;21;7;B18;311
IC0288;67;3;12;14;8;B29;207
IC0267;67;4;6;9;14;B33;204
IC0270;67;1;18;20;3;B19;304
IC0270;67;4;15;18;8;B33;201
IC0266;68;1;15;18;4;B35;401
IC0266;68;5;10;12;4;B19;101
IC0288;68;4;14;16;6;B19;110
IC0271;68;2;16;18;6;B19;101
IC0271;68;5;9;12;10;B34;201
IC0274;68;2;8;10;3;B19;304
IC0274;68;1;9;12;10;B27;301
IC0270;68;2;18;21;4;B33;201
IC0270;68;3;16;18;3;B19;304
IC0270;69;2;18;21;6;B33;201
IC0270;69;4;18;20;3;B19;304
IC0274;69;2;10;12;3;B19;304
IC0274;69;1;9;12;10;B27;301
IC0266;69;1;10;12;5;B19;101
IC0266;69;1;15;18;5;B35;401
IC0288;69;4;16;18;6;B19;110
IC0271;69;2;12;14;6;B19;101
IC0271;69;5;9;12;10;B34;201
IC0270;70;2;18;21;2;B33;201
IC0270;70;3;12;14;2;B19;304
IC0270;71;2;18;21;7;B33;201
IC0270;71;4;14;16;3;B19;304
IC0270;72;1;8;10;3;B19;304
IC0270;72;3;9;12;9;B35;301
IC0266;72;5;12;15;7;B33;403
IC0265;72;3;6;7.5;8;B38;110
IC0265;72;3;7.5;9;8;B38;110
IC0265;72;1;10;12;3;B19;304
IC0265;73;2;7.5;9;6;B38;101
IC0265;73;1;6;8;3;B19;304
IC0265;73;2;6;7.5;6;B38;101
IC0266;73;1;12;15;4;B17;204
IC0266;74;4;18;20;6;B19;101
IC0266;74;1;12;15;8;B17;204
IC0265;74;2;6;7.5;6;B38;101
IC0265;74;2;7.5;9;6;B38;101
IC0265;74;2;16;18;3;B19;304
IC0265;75;2;6;7.5;9;B38;101
IC0265;75;5;8;10;3;B19;304
IC0265;75;2;7.5;9;9;B38;101
IC0265;78;2;6;7.5;8;B38;101
IC0265;78;2;7.5;9;8;B38;101
IC0265;79;2;6;7.5;8;B38;101
IC0265;79;2;7.5;9;8;B38;101
IC0265;80;2;7.5;9;7;B38;101
IC0265;80;6;14;16;3;B19;304
IC0265;80;2;6;7.5;7;B38;101
IC0261;148;3;6;9;9;B16;201
IC0261;149;4;15;18;9;B16;103
ID0251;51;2;15;16.5;10;B38;207
ID0251;51;4;15;16.5;10;B38;204
ID0251;52;4;16.5;18;10;B34;503
ID0251;52;2;16.5;18;12;B18;305
ID0251;54;3;15;18;10;B38;107
ID0230;86;1;16;18;8;B16;102
ID0265;160;4;15;18;10;B38;205
ID0243;160;5;7;9;5;B16;101
ID0246;161;4;13;15;12;B1;922
ID0265;161;1;9;12;10;B38;107
ID0243;161;5;7;9;6;B16;101
ID0280;162;4;13.5;15;14;B34;102
ID0280;162;2;13.5;15;14;B34;102
ID0252;162;4;15;18;8;B16;101
ID0263;162;3;15;18;8;B16;101
ID0243;162;5;7;9;6;B16;101
ID0242;162;4;16;18;12;B27;304
ID0231;162;4;15;18;14;B16;203
ID0246;162;1;13;15;14;B35;102
ID0246;163;3;13;15;10;B7;104
ID0280;163;2;7.5;9;10;B35;502
ID0280;163;4;7.5;9;10;B35;503
ID0242;163;5;15;17;14;B16;202
ID0231;163;4;18;21;14;B34;202
ID0241;164;1;15;18;8;B16;104
ID0240;164;1;13;15;7;B16;101
ID0255;164;3;18;20;7;B16;102
ID0244;164;2;9;12;8;B16;104
ID0263;164;4;9;12;10;B29;205
ID0252;164;2;15;18;10;B14;406
ID0231;164;4;18;21;10;B38;103
ID0240;165;1;13;15;7;B16;101
ID0255;165;3;18;20;6;B16;102
ID0263;165;1;9;12;8;B16;102
ID0241;165;2;15;18;9;B16;103
ID0244;165;4;9;12;8;B16;104
ID0280;166;5;7.5;9;14;B35;403
ID0280;166;3;7.5;9;14;B35;402
ID0258;166;3;7;9;6;B16;102
ID0240;166;1;13;15;7;B16;101
ID0255;166;3;18;20;6;B16;102
ID0263;166;1;15;18;10;B14;406
ID0262;166;5;10;12;7;B16;102
ID0244;166;3;15;18;8;B16;104
ID0258;167;3;7;9;5;B16;102
ID0255;167;4;18;20;6;B27;304
ID0262;167;5;10;12;7;B16;102
ID0258;168;3;7;9;5;B16;102
ID0262;168;5;10;12;8;B16;102
ID0243;168;5;9;11;5;B16;101
ID0255;168;4;18;20;6;B27;304
ID0255;169;4;18;20;5;B27;304
ID0241;169;5;12;15;9;B16;103
ID0243;169;5;9;11;6;B16;101
ID0262;169;3;10;12;7;B16;102
ID0241;170;3;12;15;9;B16;103
ID0262;170;3;10;12;7;B16;102
ID0243;170;5;9;11;4;B16;101
ID0262;171;3;10;12;7;B16;102
ID0230;171;4;18;20;10;B34;503
ID0230;172;2;13;15;12;B27;304
ID0262;172;5;15;17;6;B16;102
ID0262;173;5;15;17;7;B16;102
ID0262;174;5;15;17;7;B16;102
ID0258;174;4;9;11;7;B16;101
ID0258;175;4;9;11;6;B16;101
ID0258;176;4;9;11;7;B16;101
ID0230;176;2;15;17;8;B16;101
ID0258;177;3;9;11;6;B34;503
ID0250;177;2;13;15;6;B16;102
ID0258;178;3;9;11;6;B34;503
ID0243;178;5;13;15;6;B16;101
ID0250;178;2;13;15;6;B16;102
ID0258;179;3;9;11;6;B34;503
ID0250;179;2;13;15;6;B16;102
ID0243;179;5;13;15;5;B16;101
ID0258;180;4;7;9;6;B16;101
ID0243;180;5;13;15;6;B16;101
ID0250;180;2;15;17;6;B16;102
ID0261;181;5;7;9;7;B16;102
ID0258;181;4;7;9;6;B16;101
ID0250;181;2;15;17;6;B16;102
ID0261;182;5;7;9;7;B16;102
ID0250;182;2;15;17;6;B16;102
ID0258;182;4;7;9;6;B16;101
ID0240;182;1;10;12;6;B16;101
ID0250;183;2;10;12;6;B16;101
ID0240;183;1;10;12;7;B16;101
ID0261;183;5;7;9;7;B16;102
ID0240;184;1;10;12;6;B16;101
ID0250;184;2;10;12;6;B16;101
ID0261;184;3;7;9;7;B16;101
ID0261;185;3;7;9;7;B16;101
ID0250;185;2;10;12;6;B16;101
ID0261;186;3;7;9;7;B16;101
ID0250;186;2;18;20;6;B14;406
ID0248;187;4;13;15;6;B16;102
ID0250;187;2;18;20;2;B14;406
ID0250;188;2;18;20;5;B14;406
ID0248;188;4;13;15;5;B16;102
ID0248;189;4;13;15;6;B16;102
ID0248;190;4;10;12;6;B16;102
ID0248;191;4;10;12;6;B16;102
ID0248;192;4;10;12;6;B16;102
ID0248;193;2;10;12;6;B16;102
ID0248;194;2;10;12;3;B16;102
ID0248;195;2;10;12;4;B16;102
IM0238;71;1;6;7.5;12;B38;321
IM0238;71;1;7.5;9;12;B38;321
IM0245;71;2;18;21;7;B33;204
IM0245;71;2;8;10;3;B13;105
IM0237;71;4;7.5;9;14;B33;402
IM0237;71;2;7.5;9;14;B33;402
IM0243;71;1;7;9;12;B1;923
IM0247;71;4;9;12;14;B35;402
IM0240;71;2;15;18;12;B1;923
IM0235;71;3;18;20;6;B19;101
IM0235;71;3;15;18;9;B35;402
IM0241;71;4;9;12;12;B1;923
IM0244;71;1;18;20;14;B16;204
IM0233;72;4;9;12;12;B33;404
IM0245;72;2;18;21;8;B33;204
IM0245;72;4;12;14;3;B13;105
IM0237;72;5;7.5;9;14;B34;402
IM0237;72;3;7.5;9;14;B35;403
IM0241;72;5;9;12;14;B17;202
IM0243;72;1;15;17;12;B1;923
IM0247;72;2;9;12;20;B35;501
IM0240;72;1;15;18;20;B35;301
IM0235;72;3;15;18;5;B35;402
IM0235;72;1;16;18;5;B19;101
IM0234;72;4;12;15;14;B33;404
IM0244;72;3;18;20;14;B17;201
IM0238;73;1;9;10.5;8;B18;314
IM0238;73;1;10.5;12;8;B18;314
IM0245;73;1;12;14;3;B13;105
IM0245;73;2;18;21;8;B33;204
IM0235;73;3;15;18;8;B35;402
IM0235;73;1;8;10;6;B19;101
IM0234;73;2;18;21;14;B17;204
IM0233;73;3;15;18;12;B1;923
IM0232;73;3;15;18;20;B35;301
IM0238;74;3;13.5;15;8;B18;412
IM0238;74;1;13.5;15;8;B18;412
IM0245;74;5;10;12;3;B13;105
IM0245;74;4;15;18;8;B1;924
IM0231;74;3;16;18;9;B16;201
IM0235;74;5;12;14;6;B19;101
IM0235;74;1;9;12;8;B17;301
IM0234;74;1;18;21;14;B34;403
IM0232;74;3;18;21;14;B27;401
IM0233;75;3;15;18;20;B35;401
IM0245;75;3;10;12;3;B13;105
IM0245;75;4;15;18;7;B1;924
IM0235;75;1;14;16;6;B19;101
IM0235;75;1;9;12;7;B17;301
IM0232;76;5;12;15;14;B33;103
IM0245;77;5;8;10;3;B13;105
IM0245;77;4;15;18;8;B1;924
IM0235;77;1;9;12;8;B17;301
IM0235;77;2;8;10;6;B19;101
IM0234;77;1;18;21;14;B33;203
IM0232;79;2;9;12;14;B34;403
IM0230;79;1;9;12;9;B16;103
IM0232;80;1;9;12;14;B35;302
IM0230;84;2;9;12;9;B16;103
IM0230;85;3;9;12;9;B16;103
IM0260;161;5;18;21;12;B18;205
IM0260;164;5;15;18;12;B18;305
IP0211;1;1;9;10;6;B29;210
IP0283;1;2;9;12;10;B34;503
IP0241;1;3;9;12;12;B35;201
IP0241;1;2;19;21;4;B19;217
IP0241;2;3;9;12;10;B35;201
IP0241;2;2;6;8;4;B19;217
IP0283;2;4;9;12;8;B29;207
IP0241;3;3;9;12;11;B35;201
IP0241;3;4;19;21;4;B19;217
IP0283;3;2;15;18;10;B38;103
IP0241;6;1;6;8;4;B19;217
IP0241;6;2;15;18;12;B23;202
IP0241;7;2;15;18;11;B23;202
IP0241;7;3;6;8;4;B19;217
IP0243;51;3;9;12;8;B18;413
IP0250;51;2;15;18;12;B35;101
IP0250;51;4;6;8;6;B19;215
IP0236;51;2;15;18;10;B35;503
IP0237;51;3;9;12;10;B29;205
IP0230;51;1;9;10;4;B19;301
IP0230;51;2;9;12;6;B29;208
IP0248;51;2;16;18;5;B19;118
IP0248;51;1;15;18;5;B33;403
IP0243;52;3;15;18;7;B18;310
IP0242;52;1;14;16;4;B19;117
IP0242;52;4;9;12;6;B18;305
IP0246;52;1;12;15;10;B38;205
IP0245;52;1;9;12;10;B34;502
IP0235;52;1;15;18;14;B14;405
IP0250;52;5;6;8;6;B19;215
IP0250;52;2;15;18;12;B35;101
IP0248;52;2;8;10;5;B19;118
IP0248;52;1;15;18;6;B33;403
IP0280;53;1;9;12;7;B18;311
IP0250;53;1;19;21;6;B19;215
IP0250;53;3;6;9;12;B33;202
IP0244;53;1;12;14;4;B19;301
IP0244;53;1;9;12;5;B27;401
IP0248;53;4;12;14;5;B19;118
IP0248;53;1;15;18;5;B33;403
IP0258;53;4;9;12;13;B23;203
IP0242;53;4;9;12;6;B18;305
IP0242;53;1;12;14;4;B19;117
IP0251;54;4;9;12;10;B7;104
IP0282;54;3;15;18;12;B18;315
IP0284;54;4;6;7.5;5;B19;101
IP0284;54;2;10.5;12;5;B35;402
IP0244;54;1;9;12;5;B27;401
IP0244;54;2;12;14;4;B19;301
IP0258;54;4;15;18;10;B38;302
IP0250;54;3;6;9;12;B33;202
IP0250;54;2;6;8;6;B19;215
IP0242;54;2;12;14;4;B19;117
IP0242;54;4;9;12;6;B18;305
IP0250;55;5;16;18;8;B19;206
IP0250;55;4;6;9;9;B34;301
IP0282;55;1;15;18;12;B18;305
IP0248;55;4;16;18;5;B19;118
IP0248;55;1;15;18;5;B33;403
IP0244;55;5;10;12;4;B19;301
IP0244;55;1;9;12;5;B27;401
IP0284;55;2;6;7.5;4;B19;101
IP0284;55;2;10.5;12;4;B35;402
IP0244;56;1;9;12;5;B27;401
IP0244;56;1;14;16;4;B19;301
IP0250;56;4;6;9;11;B34;301
IP0250;56;5;18;20;6;B19;215
IP0284;58;2;10.5;12;6;B35;402
IP0284;58;5;8;9.5;6;B19;101
IP0247;59;4;9;12;6;B1;924
IP0247;59;3;8;10;4;B19;117
IP0232;60;1;9;12;10;B35;503
IP0247;60;3;10;12;4;B19;117
IP0247;60;4;9;12;6;B1;924
IP0242;61;1;16;18;4;B19;117
IP0242;61;4;9;12;6;B18;305
IP0249;62;2;9;12;4;B18;305
IP0249;62;1;14;16;2;B19;115
IP0247;62;3;14;16;4;B19;117
IP0247;62;4;9;12;6;B1;924
IP0247;63;4;9;12;6;B1;924
IP0247;64;4;9;12;6;B1;924
IP0247;64;2;6;8;6;B1;922
IP0249;64;1;12;14;2;B19;115
IP0249;64;2;9;12;6;B18;305
IP0249;65;2;9;12;6;B18;305
IP0249;65;5;10;12;2;B19;115
IP0249;66;1;16;18;2;B19;115
IP0249;66;2;9;12;2;B18;305
IP0240;70;3;16;18;4;B19;301
IP0240;70;4;12;15;5;B35;101
IP0281;71;3;9;12;8;B18;314
IP0240;71;3;8;10;4;B19;301
IP0240;71;4;12;15;5;B35;101
IP0281;72;2;9;12;8;B18;314
IP0240;72;1;16;18;4;B19;301
IP0240;72;4;12;15;6;B35;101
IP0281;73;2;18;21;8;B18;314
IP0240;73;5;8;10;4;B19;301
IP0240;73;4;12;15;6;B35;101
IP0240;76;4;8;10;4;B19;301
IP0240;76;4;12;15;7;B35;101
IP0287;160;3;15;17;12;B1;922
IP0257;161;3;12;14;14;B35;202
IP0287;161;1;15;17;10;B38;202
IP0234;161;3;15;18;10;B35;503
IP0257;162;2;9;11;10;B38;306
IP0256;162;3;9;12;10;B7;102
IP0256;163;3;15;18;10;B38;306
ME0246;1;1;18;21;20;B34;201
ME0247;1;1;18;21;14;B34;101
ME0215;1;4;18;21;14;B33;404
ME0238;1;5;9;12;14;B33;404
ME0253;1;1;6;9;14;B33;303
ME0233;1;3;9;12;14;B33;402
ME0156;1;3;18;21;14;B16;202
ME0243;1;2;6;9;8;B18;314
ME0236;1;4;6;9;14;B33;103
ME0216;1;2;18;21;14;B33;402
ME0240;1;4;6;9;20;B35;301
ME0244;1;1;6;9;14;B17;202
ME0242;1;2;9;12;20;B34;201
ME0241;1;2;18;21;14;B33;302
ME0248;1;2;6;9;20;B34;301
ME0249;1;3;18;21;12;B18;417
ME0058;1;3;9;12;14;B34;203
ME0106;1;4;9;12;14;B33;103
ME0217;1;2;12;15;10;B38;207
ME0212;1;3;12;15;14;B33;303
ME0172;1;3;18;21;14;B33;102
ME0232;1;4;12;15;14;B34;101
ME0158;1;3;9;12;20;B33;201
ME0235;1;2;15;18;14;B35;302
ME0230;2;3;6;9;12;B1;923
ME0238;2;4;15;18;14;B17;303
ME0253;2;2;6;9;14;B17;203
ME0156;2;4;6;9;20;B35;201
ME0241;2;1;18;21;14;B34;102
ME0159;2;3;12;15;14;B33;403
ME0242;2;3;18;21;20;B34;301
ME0172;2;1;18;21;14;B33;404
ME0232;2;4;9;12;14;B27;401
ME0243;2;5;12;15;12;B18;315
ME0249;2;3;12;15;12;B18;305
ME0216;2;4;18;21;20;B33;201
ME0237;2;1;12;15;14;B34;303
ME0106;2;2;18;21;14;B34;402
ME0240;2;3;6;9;20;B33;401
ME0244;2;1;15;18;12;B1;922
ME0215;2;2;15;18;20;B34;301
ME0234;2;2;9;12;14;B17;204
ME0217;2;3;12;15;10;B34;503
ME0104;2;4;12;15;20;B34;301
ME0247;2;4;18;21;17;B23;202
ME0231;2;4;15;18;14;B34;102
ME0248;2;4;6;9;14;B17;204
ME0235;2;3;9;12;12;B1;925
ME0246;2;2;18;21;10;B38;107
ME0215;3;2;18;21;20;B33;301
ME0145;3;1;15;18;14;B17;203
ME0233;3;2;9;12;14;B33;202
ME0236;3;3;9;12;17;B23;202
ME0232;3;3;15;18;20;B35;201
ME0243;3;4;18;21;12;B38;320
ME0104;3;4;9;12;14;B33;302
ME0234;3;4;6;9;10;B38;202
ME0106;3;4;6;9;20;B34;201
ME0230;3;5;9;12;20;B33;301
ME0058;3;2;18;21;14;B16;203
ME0253;3;4;12;15;20;B35;501
ME0070;3;4;9;12;14;B35;203
ME0237;3;3;18;21;14;B17;202
ME0235;3;5;9;12;14;B33;303
ME0231;3;2;9;12;20;B35;401
ME0159;4;3;18;21;14;B34;101
ME0233;4;2;12;15;14;B33;302
ME0171;4;1;15;18;20;B34;301
ME0070;4;4;15;18;14;B27;401
ME0106;4;1;9;12;14;B7;108
ME0145;4;1;12;13.5;20;B35;301
ME0145;4;3;12;13.5;20;B35;301
ME0157;4;2;6;9;20;B34;201
ME0104;4;4;6;9;14;B34;303
ME0215;4;5;15;18;14;B17;203
ME0230;4;1;9;12;14;B33;101
ME0212;4;1;15;18;20;B33;301
ME0158;4;2;9;12;14;B33;101
ME0231;4;2;15;18;14;B16;202
ME0242;5;1;9;12;34;B19;414
ME0171;5;2;18;21;14;B17;202
ME0145;5;3;15;18;20;B33;201
ME0157;5;4;18;21;20;B33;301
ME0212;5;2;6;9;14;B34;101
ME0106;5;1;15;18;14;B34;102
ME0159;5;1;18;21;12;B1;925
ME0231;5;4;12;15;14;B33;303
ME0104;5;3;9;12;14;B33;404
ME0104;6;1;12;15;20;B34;401
ME0070;6;1;15;18;14;B35;101
ME0159;6;2;18;21;20;B34;201
ME0106;6;3;6;9;14;B33;203
ME0212;6;1;18;21;20;B34;401
ME0242;6;1;9;12;34;B19;414
ME0242;7;4;18;21;14;B34;203
ME0104;7;3;6;9;14;B16;203
ME0070;7;3;15;18;14;B33;202
ME0106;7;2;18;21;14;B33;303
ME0104;8;2;12;15;20;B34;201
ME0070;8;2;12;15;14;B34;203
ME0242;8;4;18;21;14;B13;405
ME0212;8;4;9;12;13;B29;203
ME0106;9;2;18;21;14;B33;102
ME0212;9;5;12;15;14;B34;203
ME0212;10;4;18;21;14;B33;102
ME0171;11;2;6;9;17;B23;201
ME0212;11;3;12;15;14;B35;403
ME0171;13;3;12;15;14;B34;403
ME0171;14;5;12;15;14;B33;404
ME0171;15;1;6;9;14;B35;101
ME0245;21;2;12;15;14;B33;102
ME0245;22;3;12;15;14;B33;302
MU0401;12;2;12;15;10;B28;4
MU0401;14;3;12;15;10;B38;305
MU0401;15;1;9;12;10;B28;4
MU0401;16;5;9;12;16;B28;3
MU0402;16;2;9;12;10;B7;107
MU0401;17;3;9;12;10;B28;4
MU0402;17;2;9;12;15;B30;301
MU0401;18;4;9;12;10;B28;4
MU0401;19;5;12;15;10;B38;303
MU0400;24;3;9;12;16;B28;3
MU0400;25;5;9;12;10;B28;4
MU0400;26;2;15;18;16;B30;301
MU0466;183;4;9;11;4;B30;202
MU0411;183;5;9;11;13;B30;303
MU0421;183;3;15;17;16;B30;303
MU0412;183;3;12;14;14;B30;301
MU0405;183;4;15;18;16;B30;301
MU0441;183;4;9;11;11;B30;301
MU0406;183;3;9;12;6;B30;402
MU0404;183;4;10;12;12;B30;115
MU0436;183;2;7;9;9;B30;303
MU0446;183;3;9;11;6;B30;307
MU0444;183;1;9;12;16;B30;301
MU0414;183;4;9;12;6;B30;308
MU0424;183;5;9;12;16;B30;301
MU0434;183;3;9;12;6;B30;308
MU0431;183;5;9;11;6;B30;402
MU0413;183;5;7;9;12;B28;3
MU0423;183;3;9;11;16;B30;303
MU0442;183;1;7;9;11;B30;301
MU0422;183;4;9;11;16;B30;303
MU0433;183;4;7;9;16;B30;301
MU0443;183;2;7;9;11;B30;301
MU0432;183;3;7;9;15;B30;301
MU0481;183;4;9;10;2;B30;401
MU0456;183;5;10;11;2;B30;305
MU0407;183;3;16;18;6;B30;307
MU0482;183;5;9;11;5;B30;307
MU0483;183;2;13.5;15;5;B30;308
MU0484;183;3;15;16.5;2;B30;308
MU0483;183;2;12;13.5;5;B30;308
MU0484;183;3;16.5;18;2;B30;308
MU0457;183;3;10;12;11;B30;301
MU0436;184;2;15;17;6;B30;306
NI0291;1;4;12;15;3;B38;108
NI0299;1;2;15;18;14;B33;102
NI0253;1;2;9;12;14;B34;101
NI0281;1;2;6;9;14;B35;403
NI0252;1;1;9;12;10;B38;301
NI0256;1;3;15;18;14;B33;103
NI0286;1;5;12;15;14;B33;402
NI0251;1;1;18;21;10;B38;205
NI0260;1;1;9;12;10;B29;204
NI0287;1;4;9;12;14;B17;204
NI0296;1;2;15;18;14;B33;302
NI0267;1;1;15;18;10;B29;205
NI0257;1;2;12;15;20;B35;301
NI0266;1;4;12;15;9;B29;202
NI0288;1;1;6;8;8;B29;207
NI0292;1;3;9;10;3;B38;301
NI0221;1;1;15;16.5;36;B19;414
NI0221;1;1;16.5;18;36;B19;414
NI0269;1;3;18;21;14;B33;403
NI0294;1;1;18;21;10;B38;304
NI0295;2;3;9;12;14;B33;103
NI0287;2;1;15;18;14;B33;103
NI0253;2;4;9;12;17;B23;202
NI0281;2;3;6;9;14;B35;102
NI0252;2;4;9;12;14;B33;402
NI0257;2;2;6;9;14;B33;103
NI0259;2;2;15;16.5;36;B19;415
NI0259;2;2;16.5;18;36;B19;414
NI0255;2;2;9;12;14;B17;301
NI0299;2;3;12;15;14;B34;302
NI0221;2;1;16.5;18;34;B19;415
NI0221;2;1;15;16.5;34;B19;415
NI0251;2;3;18;21;10;B38;105
NI0298;2;4;15;18;14;B35;402
NI0286;3;2;9;12;14;B27;401
NI0259;3;2;15;16.5;36;B19;414
NI0259;3;2;16.5;18;36;B19;415
NI0287;3;5;12;15;14;B33;101
NI0286;4;1;9;12;14;B34;102
NI0287;4;5;15;18;14;B17;304
NI0286;5;2;12;15;20;B34;401
NI0104;7;3;9;12;14;B7;108
NI0104;8;1;9;12;14;B33;204
NI0104;9;5;9;12;14;B34;101
NI0051;10;3;6;9;20;B34;301
NI0100;10;2;9;12;17;B23;201
NI0280;11;4;9;12;14;B16;203
NI0232;11;2;15;18;14;B17;204
NI0278;11;3;18;21;14;B34;202
NI0039;11;1;18;21;14;B34;202
NI0243;11;2;9;12;10;B7;104
NI0285;11;5;6;9;14;B17;303
NI0238;11;3;9;12;17;B34;301
NI0290;11;1;18;21;7;B38;105
NI0232;12;2;6;9;10;B7;103
NI0223;12;4;6;9;14;B35;303
NI0039;12;3;18;21;10;B38;305
NI0285;12;1;6;9;14;B35;403
NI0243;12;2;15;18;14;B27;201
NI0278;12;3;18;21;17;B23;204
NI0104;12;4;12;15;14;B17;203
NI0100;12;2;18;21;14;B17;201
NI0247;12;1;18;21;14;B33;402
NI0285;13;4;9;12;20;B33;401
NI0285;14;4;6;9;14;B17;303
NI0278;14;3;9;12;14;B17;301
NI0276;14;4;15;18;12;B1;922
NI0276;15;2;12;15;14;B34;101
NI0223;16;3;15;18;14;B17;302
NI0276;16;2;15;18;14;B17;202
NI0275;16;3;9;12;14;B16;204
NI0276;17;3;12;15;14;B35;101
NI0223;18;5;9;12;14;B35;203
NI0224;20;3;9;12;14;B17;204
NI0247;20;1;9;12;17;B23;202
NI0275;20;4;18;21;14;B33;204
NI0191;21;2;15;18;14;B33;402
NI0275;21;2;6;9;14;B35;402
NI0247;21;3;18;21;14;B34;102
NI0100;22;1;9;12;10;B7;103
NI0247;22;4;18;21;14;B16;202
NI0191;22;1;12;15;20;B33;301
NI0100;23;3;9;12;10;B7;103
NI0247;23;1;12;15;20;B33;201
NI0247;24;1;9;12;10;B29;205
NI0191;28;3;18;21;14;B34;403
OG0128;1;1;15;18;14;B34;302
OG0269;1;1;18;21;10;B38;207
OG0280;1;3;6;9;14;B17;201
OG0281;1;1;15;18;14;B34;303
OG0351;1;3;12;13.5;20;B33;401
OG0351;1;1;12;13.5;20;B33;401
OG0261;1;1;18;21;12;B18;417
OG0127;1;3;6;7.5;35;B19;415
OG0125;1;4;9;12;14;B27;403
OG0260;1;4;6;9;14;B17;203
OG0353;1;5;6;9;12;B26;921
OG0285;1;3;12;15;8;B1;922
OG0205;1;1;18;21;14;B33;204
OG0122;1;1;7.5;9;14;B34;303
OG0122;1;3;7.5;9;14;B34;303
OG0350;1;5;9;12;12;B17;201
OG0134;1;1;9;12;14;B35;102
OG0283;1;1;9;12;14;B17;204
OG0123;1;5;12;13.5;12;B1;922
OG0123;1;4;7.5;9;44;B27;101
OG0264;1;2;9;12;20;B34;501
OG0263;1;3;18;21;12;B18;305
OG0284;1;4;18;21;14;B17;202
OG0137;1;5;6;9;14;B35;202
OG0262;1;2;12;15;12;B1;923
OG0131;1;5;6;9;14;B35;303
OG0349;1;4;18;21;10;B38;105
OG0126;1;4;18;21;20;B33;401
OG0266;1;4;9;12;10;B7;103
OG0355;1;2;6;9;10;B33;401
OG0279;1;2;9;12;14;B17;201
OG0352;1;3;18;21;15;B26;702
OG0264;2;1;9;12;17;B23;203
OG0128;2;3;12;15;14;B35;102
OG0268;2;1;9;12;10;B38;207
OG0280;2;3;18;21;14;B16;203
OG0281;2;1;12;15;20;B34;501
OG0131;2;4;6;9;14;B34;302
OG0127;2;3;6;7.5;32;B19;414
OG0134;2;2;6;9;20;B34;401
OG0263;2;3;9;12;12;B18;417
OG0126;2;1;18;21;18;B34;501
OG0262;2;1;12;15;14;B33;103
OG0284;2;2;18;21;14;B13;405
OG0205;2;4;12;15;14;B34;303
OG0137;2;1;18;21;14;B34;203
OG0283;2;3;18;21;17;B23;203
OG0123;2;5;13.5;15;12;B1;922
OG0123;2;4;7.5;9;38;B27;101
OG0278;2;5;9;12;20;B35;301
OG0261;2;5;18;21;12;B26;921
OG0124;2;1;12;15;14;B33;101
OG0260;2;2;9;12;20;B35;201
OG0112;2;1;15;18;20;B34;201
OG0122;2;1;9;12;14;B34;203
OG0279;2;3;9;12;14;B35;302
OG0122;3;3;6;9;14;B33;101
OG0281;3;2;6;9;10;B7;105
OG0131;3;2;6;9;14;B34;102
OG0263;3;2;6;9;8;B1;404
OG0124;3;5;12;15;14;B33;303
OG0264;3;1;12;15;14;B34;302
OG0260;3;1;9;12;14;B33;404
OG0123;3;5;15;16.5;12;B1;922
OG0123;3;4;7.5;9;30;B27;101
OG0128;3;4;6;9;20;B34;401
OG0261;3;1;18;21;12;B26;921
OG0126;3;1;15;18;12;B1;924
OG0280;3;3;18;21;14;B17;203
OG0127;3;3;6;7.5;32;B19;414
OG0279;3;5;9;12;20;B34;401
OG0262;3;3;15;18;13;B29;203
OG0125;4;1;18;21;14;B17;201
OG0263;4;1;9;12;12;B18;305
OG0261;4;1;9;12;12;B27;303
OG0127;4;3;7.5;9;30;B19;414
OG0264;4;3;9;12;17;B23;203
OG0128;4;2;18;21;14;B34;203
OG0131;4;3;18;21;14;B34;402
OG0126;4;2;18;21;14;B34;202
OG0260;4;1;6;9;14;B34;402
OG0279;4;2;12;15;14;B35;203
OG0262;4;1;12;15;14;B35;203
OG0128;5;5;6;9;14;B34;102
OG0278;5;2;6;9;14;B34;302
OG0263;5;4;9;12;12;B18;315
OG0127;5;3;7.5;9;34;B19;415
OG0261;5;2;6;9;8;B18;413
OG0260;5;3;6;9;14;B17;203
OG0131;5;4;18;21;10;B38;304
OG0264;5;4;9;12;20;B34;201
OG0125;5;4;9;12;14;B17;203
OG0262;5;3;9;12;14;B27;401
OG0123;5;4;18;21;14;B34;302
OG0279;6;2;18;21;14;B33;403
OG0131;6;2;9;12;14;B33;302
OG0124;6;1;9;12;14;B17;202
OG0263;6;2;9;12;8;B18;413
OG0261;6;1;6;9;12;B18;315
OG0125;6;3;18;21;20;B33;301
OG0126;6;1;9;12;17;B23;204
OG0262;6;3;12;15;14;B35;402
OG0122;6;4;9;12;14;B17;301
OG0127;6;3;7.5;9;33;B19;414
OG0260;6;3;12;15;20;B33;301
OG0261;7;4;9;12;12;B26;921
OG0260;7;4;9;12;14;B16;202
OG0128;7;4;18;21;7;B34;403
OG0125;7;4;9;12;14;B35;403
OG0131;7;1;18;21;14;B34;402
OG0123;7;1;6;9;14;B35;402
OG0122;7;2;18;21;14;B34;403
OG0237;8;1;9;12;10;B35;502
OG0131;8;2;9;12;13;B29;203
OG0260;8;2;6;9;14;B17;304
OG0124;8;4;12;15;14;B33;103
OG0126;8;1;12;15;20;B35;201
OG0123;8;3;12;15;14;B33;203
OG0125;8;1;9;12;14;B27;403
OG0128;8;4;18;21;14;B33;203
OG0122;9;3;9;12;14;B17;303
OG0261;9;3;6;9;12;B27;303
OG0123;9;4;6;9;14;B34;402
OG0136;9;2;18;21;10;B38;106
OG0124;9;2;6;9;17;B23;204
OG0260;9;3;6;9;12;B1;922
OG0261;10;2;9;12;12;B18;315
OG0260;10;4;15;18;14;B35;403
OG0122;10;3;10;11.5;14;B33;101
OG0122;10;1;10;11.5;14;B16;202
OG0111;10;3;18;21;14;B17;304
OG0126;10;1;18;21;14;B17;304
OG0124;10;5;9;12;14;B35;403
OG0131;10;3;9;12;14;B17;302
OG0123;10;3;15;18;20;B33;301
OG0260;11;3;12;15;14;B33;102
OG0134;11;2;6;9;20;B35;401
OG0123;11;2;15;18;14;B33;404
OG0126;11;1;6;9;14;B17;303
OG0111;11;2;9;12;14;B17;303
OG0122;11;1;6;9;14;B33;203
OG0111;12;1;18;21;17;B23;203
OG0134;13;4;12;15;14;B33;202
OG0279;13;4;9;12;14;B33;403
OG0135;14;2;6;9;14;B16;204
OG0111;14;4;18;21;14;B34;102
OG0134;15;1;6;9;14;B34;102
OG0135;15;3;6;9;14;B33;102
OG0134;16;5;6;9;14;B33;303
OG0134;17;2;18;21;10;B38;202
OG0276;21;3;9;12;14;B17;304
OG0064;21;3;18;21;10;B34;502
OG0276;22;4;6;9;14;B35;403
OG0591;23;3;18;21;20;B34;401
OG0135;23;5;6;9;14;B17;304
OG0276;24;3;6;9;14;B17;304
OG0591;24;3;12;15;20;B34;501
OG0135;24;5;6;9;14;B16;202
OG0591;25;2;12;15;14;B33;404
OG0135;25;4;18;21;14;B33;303
OG0276;26;3;6;9;10;B7;106
OG0591;26;1;12;15;14;B33;403
OG0135;27;5;6;9;10;B34;503
OG0135;28;2;18;21;14;B17;301
OG0137;30;2;12;15;14;B34;302
OG0591;30;1;6;9;20;B35;401
OG0347;30;1;9;12;12;B27;302
OG0591;31;1;15;18;20;B34;401
OG0591;33;4;15;18;20;B34;501
OG0137;33;3;9;12;17;B23;204
OG0137;34;1;9;12;14;B35;402
OG0347;36;2;18;21;8;B1;404
OG0591;37;2;15;18;20;B33;201
OG0591;38;5;6;9;20;B34;301
OG0347;40;1;6;9;12;B18;205
OG0591;43;1;9;12;20;B35;301
OG0591;44;4;15;18;14;B34;203
OG0591;45;3;18;21;20;B34;201
OG0347;46;1;15;18;12;B26;921
OG0591;48;4;12;15;14;B34;403
OG0347;48;1;18;21;12;B18;305
OG0347;49;1;6;9;12;B18;305
OG0347;50;1;12;15;12;B26;921
OG0591;51;2;18;21;20;B34;501
OG0347;51;2;9;12;12;B27;302
OG0591;52;3;6;9;14;B33;404
OG0347;52;2;15;18;12;B27;303
OG0347;53;5;9;12;12;B18;417
OG0347;54;3;15;18;12;B27;302
OG0591;56;4;18;21;20;B34;501
OG0347;56;3;15;18;12;B27;303
OG0276;57;4;6;9;20;B33;401
OG0591;58;2;6;9;14;B35;102
OG0276;58;1;18;21;14;B33;303
OG0276;59;4;9;12;14;B17;302
OG0591;59;5;9;12;14;B34;402
OG0347;59;3;9;12;12;B26;921
OG0347;60;1;18;21;12;B27;303
OG0276;60;4;12;15;14;B16;203
OG0591;61;3;15;18;20;B34;201
OG0347;61;5;6;9;12;B27;303
OG0591;62;5;9;12;14;B27;202
OG0591;63;2;15;18;14;B16;203
OG0591;64;2;12;15;20;B34;501
OG0591;65;2;6;9;14;B17;303
OG0591;66;1;15;18;17;B23;201
OG0591;67;1;12;15;14;B33;402
OG0591;68;5;6;9;14;B35;402
OG0133;83;3;9;12;14;B34;202
OG0133;85;5;18;21;14;B17;202
OG0133;86;3;9;12;14;B35;101
OG0133;87;1;6;9;14;B35;102
OG0133;88;4;9;12;14;B35;102
OG0133;89;3;6;9;12;B1;924
OG0133;90;2;6;9;12;B1;923
PR0614;4;4;18;21;3;B18;409
PR0311;151;3;9;12;10;B38;108
PR0266;151;4;16;18;10;B35;502
PR0239;151;5;10;12;6;B29;201
PR0239;151;2;15;18;3;B13;203
PR0243;151;2;15;18;6;B29;203
PR0249;151;3;15;18;14;B16;202
PR0236;151;5;6;9;9;B38;205
PR0248;151;3;9;12;7;B35;402
PR0248;151;1;6;9;3;B13;105
PR0247;151;3;6;7.5;10;B7;103
PR0247;151;1;6;7.5;10;B7;103
PR0251;151;4;14;16;3;B13;105
PR0251;151;2;7;9;5;B33;203
PR0245;151;3;9;12;10;B35;503
PR0240;151;2;10;12;6;B19;101
PR0240;151;3;12;13.5;9;B35;302
PR0240;151;1;12;13.5;9;B35;302
PR0252;151;4;9;12;10;B35;503
PR0312;151;2;15;18;14;B35;303
PR0244;151;5;6;8;3;B13;105
PR0237;151;1;15;17;5;B35;502
PR0250;151;2;9;12;10;B38;206
PR0246;151;3;18;20;10;B38;207
PR0238;152;3;6;9;13;B17;204
PR0239;152;1;15;18;3;B13;203
PR0239;152;5;10;12;6;B29;201
PR0251;152;2;10;12;3;B13;105
PR0251;152;2;7;9;9;B33;203
PR0241;152;5;9;12;7;B38;107
PR0253;152;1;10;12;10;B38;304
PR0248;152;5;15;18;3;B13;105
PR0244;152;1;16;18;3;B13;105
PR0244;152;4;15;18;7;B38;206
PR0248;152;3;9;12;3;B35;402
PR0312;152;3;6;9;10;B29;204
PR0311;153;2;9;12;10;B29;205
PR0251;153;4;16;18;3;B13;105
PR0251;153;2;7;9;3;B33;203
PR0244;153;4;6;8;3;B13;105
PR0244;153;4;15;18;6;B38;206
PR0312;153;2;9;12;10;B38;207
PR0312;154;4;15;18;10;B29;204
PR0312;155;3;15;18;14;B16;204
PR0312;156;3;9;12;10;B38;302
PR0311;156;1;15;18;10;B38;103
PR0311;157;2;15;18;12;B27;304
PR0312;157;4;9;12;10;B7;102
PR0311;158;3;9;12;10;B38;304
PR0312;159;5;9;12;14;B34;303
PR0311;159;4;9;12;10;B38;205
PR0311;160;2;15;18;14;B35;402
PR0312;161;1;15;18;10;B38;107
PR0312;162;4;6;9;1;B38;111
PR0312;163;3;15;18;14;B16;203
PR0312;165;3;18;21;10;B38;107
PR0312;167;4;9;12;10;B34;502
PR0312;168;2;9;12;10;B34;502
PR0312;169;1;18;21;10;B38;107
PR0312;170;2;15;18;10;B34;503
PR0312;171;1;9;12;10;B38;302
PR0312;172;4;15;18;10;B38;202
PR0312;173;1;6;9;14;B35;303
PR0312;174;5;6;9;10;B38;202
PR0312;176;2;12;15;10;B34;502
PS0305;1;2;6;9;12;B26;921
PS0328;1;1;9;12;15;B26;702
PS0315;1;3;15;18;14;B34;303
PS0346;1;2;9;12;8;B26;919
PS0344;1;3;9;12;8;B29;207
PS0327;1;4;6;9;10;B34;503
PS0345;1;3;9;12;10;B38;306
PS0316;1;4;6;9;14;B33;302
PS0323;1;5;9;12;14;B35;102
PS0334;1;4;9;12;14;B34;403
PS0317;1;1;9;12;13;B29;203
PS0332;1;2;9;12;17;B23;202
PS0300;1;3;9;12;10;B35;502
PS0331;1;4;12;15;10;B38;203
PS0322;1;3;15;18;10;B38;302
PS0308;1;3;12;15;10;B34;502
PS0303;1;4;6;9;10;B38;207
PS0301;1;2;6;9;12;B18;205
PS0335;1;1;9;12;12;B27;304
PS0336;1;5;9;12;14;B16;204
PS0337;1;2;15;18;2;B26;818
PS0302;1;1;9;12;10;B38;205
PS0338;1;2;15;18;6;B26;919
PS0324;1;4;15;18;8;B29;207
PS0307;1;1;6;9;14;B33;404
PS0342;1;1;6;9;10;B7;104
PS0321;1;1;15;18;9;B29;202
PS0310;1;1;9;12;12;B26;921
PS0304;1;3;15;18;10;B38;206
PS0313;1;2;9;12;14;B27;202
PS0326;1;2;9;12;14;B34;203
PS0329;1;2;12;15;10;B35;503
PS0325;1;3;6;9;14;B34;402
PS0333;1;3;6;9;14;B34;203
PS0311;1;3;15;18;15;B26;702
PS0339;1;2;6;9;3;B26;818
PS0340;1;3;12;15;4;B29;209
PS0343;1;1;15;18;20;B33;201
PS0314;1;5;9;12;14;B33;302
PS0306;1;1;15;18;15;B26;702
PS0319;2;3;6;9;15;B26;702
PS0301;2;2;9;12;12;B26;921
PS0315;2;4;9;12;14;B33;203
PS0344;2;1;9;12;4;B26;818
PS0305;2;5;15;18;12;B26;921
PS0330;2;2;15;18;20;B35;301
PS0317;2;1;15;18;10;B38;108
PS0311;2;1;12;15;14;B33;204
PS0308;2;5;9;12;14;B17;203
PS0300;2;3;6;9;10;B38;205
PS0309;2;4;9;12;17;B23;204
PS0327;2;3;12;15;10;B29;205
PS0303;2;5;15;18;14;B16;204
PS0318;2;4;9;12;15;B26;702
PS0320;2;2;6;9;10;B34;502
PS0325;2;3;15;18;12;B1;924
PS0316;2;2;6;9;10;B38;106
PS0324;2;5;6;9;14;B33;302
PS0304;2;2;9;12;14;B35;203
PS0307;2;1;12;15;10;B7;102
PS0314;2;4;15;18;14;B33;204
PS0306;2;4;6;9;15;B26;702
PS0302;3;1;6;9;9;B33;402
PS0312;3;3;9;12;12;B27;304
PS0312;4;3;6;9;8;B29;207
ST0298;1;2;18;21;12;B38;321
ST0271;1;2;12;15;10;B18;305
ST0286;1;3;15;18;8;B18;314
ST0291;2;1;9;12;14;B34;302
ST0286;2;4;12;15;8;B18;412
ST0245;31;4;10.5;12;10;B35;502
ST0245;31;4;9;10.5;10;B35;502
ST0277;31;2;6;9;14;B34;403
ST0261;31;5;6;9;14;B35;101
ST0254;31;1;6;9;8;B18;413
ST0247;31;2;15;16.5;12;B18;417
ST0247;31;4;15;16.5;12;B18;417
ST0244;31;2;7.5;9;8;B18;412
ST0244;31;4;7.5;9;7;B18;310
ST0256;31;3;15;18;14;B27;401
ST0263;31;2;7.5;9;10;B7;102
ST0250;31;1;10;12;14;B17;203
ST0250;31;3;10;12;14;B33;204
ST0275;31;1;9;10;10;B7;104
ST0275;31;1;10;12;8;B18;413
ST0253;31;2;7.5;9;7;B16;203
ST0253;31;2;6;7.5;7;B18;417
ST0273;31;3;15;18;10;B38;202
ST0255;31;1;9;12;8;B18;412
ST0270;31;4;13;15;14;B27;403
ST0270;31;2;13;15;14;B35;302
ST0260;31;3;18;19;12;B17;204
ST0246;31;4;7.5;9;8;B18;314
ST0246;31;2;7.5;9;14;B34;203
ST0262;31;1;9;12;10;B34;503
ST0263;32;4;18;21;10;B38;107
ST0277;32;5;6;9;10;B38;305
ST0244;32;3;6;7.5;12;B18;315
ST0244;32;5;6;7.5;12;B18;315
ST0275;32;1;9;10;6;B38;304
ST0275;32;1;10;12;6;B1;404
ST0258;32;4;13.5;15;19;B33;401
ST0258;32;4;15;16.5;19;B33;401
ST0256;32;2;15;18;10;B29;204
ST0249;32;5;6;8;8;B19;206
ST0262;32;3;18;21;10;B38;202
ST0248;32;2;10;12;8;B19;206
ST0254;32;2;12;13.5;6;B18;307
ST0254;32;4;12;13.5;7;B18;311
ST0261;32;2;18;21;17;B23;201
ST0255;32;3;9;12;8;B18;412
ST0257;32;5;10;12;14;B33;402
ST0270;32;3;16;18;10;B38;204
ST0270;32;5;16;18;12;B27;304
ST0257;32;3;10;12;15;B26;702
ST0272;32;4;10;12;8;B19;206
ST0245;32;2;9;10.5;12;B18;417
ST0245;32;2;10.5;12;12;B18;417
ST0250;32;5;10;12;12;B1;924
ST0250;32;3;10;12;12;B1;923
ST0246;33;4;6;7.5;10;B35;503
ST0246;33;2;6;7.5;8;B18;412
ST0256;33;2;9;12;14;B33;103
ST0255;33;5;12;15;8;B18;413
ST0248;33;3;10;12;8;B19;206
ST0253;33;2;12;15;12;B18;417
ST0254;33;1;12;13.5;8;B18;412
ST0254;33;3;12;13.5;8;B18;412
ST0242;33;2;11;12;15;B38;110
ST0242;33;2;12;15;7;B18;311
ST0247;33;4;16.5;18;8;B18;412
ST0247;33;2;16.5;18;8;B18;412
ST0245;33;4;9;12;12;B18;417
ST0252;33;4;9;12;15;B33;301
ST0244;34;2;6;7.5;12;B18;305
ST0244;34;4;6;7.5;12;B18;305
ST0245;34;2;9;12;6;B18;307
ST0252;34;2;9;12;14;B34;202
ST0244;35;3;18;19.5;8;B18;413
ST0244;35;5;18;19.5;8;B18;314
ST0249;35;4;15;17;8;B19;206
ST0242;35;3;12;15;8;B18;413
ST0242;35;2;11;12;18;B38;110
ST0243;35;1;10;12;10;B38;206
ST0249;36;2;8;10;8;B19;206
ST0242;36;5;12;13.5;8;B18;314
ST0242;36;2;11;12;16;B38;110
ST0242;36;3;12;13.5;7;B18;311
ST0272;36;1;15;17;8;B19;206
ST0260;39;3;17;18;14;B17;303
ST0240;52;4;18;21;8;B18;314
ST0240;53;4;9;12;8;B18;314
ST0240;56;3;18;21;8;B18;412
ST0241;61;5;15;18;14;B17;303
ST0241;62;2;18;21;14;B17;303
ST0241;64;1;9;12;14;B17;304
ST0241;65;3;9;12;14;B17;201
